Date,Time,Time Zone,Category,Item,Qty,Price Point Name,SKU,Modifiers Applied,Gross Sales,Discounts,Net Sales,Tax,Transaction ID,Payment ID,Device Name,Notes,Details,Event Type,Location,Dining Option,Customer ID,Customer Name,Customer Reference ID,Unit,Count,GTIN,Itemization Type,Fulfillment Note,Channel,Token,Card Brand,PAN Suffix
2026-06-11,14:44:57,Eastern Time (US & Canada),None,Matcha Latte,1.0,"","","16oz, Whole Milk, Cold Foam, Blueberry",$9.00,$0.00,$9.00,$0.70,GPqr6uh8Hg0NjzYoOEMcJTnPR0GZY,psC5LEfyhfnaiXdrulgFsBzX0QRZY,Square Terminal 2274,"",https://app.squareup.com/dashboard/sales/transactions/GPqr6uh8Hg0NjzYoOEMcJTnPR0GZY/by-unit/LEKA54X3W66F5,Payment,Sunrise Social Club LLC,"","","","",ea,1,"",Physical Good,"",Sunrise Social Club LLC,Y36H4C6V4YFFYACS3RIEFARY,Visa,9593
2026-06-11,14:43:02,Eastern Time (US & Canada),None,Matcha Latte,1.0,"","","12oz, Strawberry",$7.00,$0.00,$7.00,$0.54,mprLL0Oew55SnBzE5bsO2B7ZOLNZY,pcabip4fZnqzfbhcdnInu02QurIZY,Square Terminal 2274,"",https://app.squareup.com/dashboard/sales/transactions/mprLL0Oew55SnBzE5bsO2B7ZOLNZY/by-unit/LEKA54X3W66F5,Payment,Sunrise Social Club LLC,"","","","",ea,1,"",Physical Good,"",Sunrise Social Club LLC,Y36H4C6V4YFFYACS3RIEFARY,MasterCard,7825
2026-06-11,14:39:31,Eastern Time (US & Canada),None,Lemonade,2.0,Regular,"","16oz, Strawberry",$10.00,$0.00,$10.00,$0.78,IIo238LHNZkq7XJKEtA8k0nPlSQZY,psqvOJjZFBcz9NWjTbf5IdxBcccZY,Square Terminal 2274,"",https://app.squareup.com/dashboard/sales/transactions/IIo238LHNZkq7XJKEtA8k0nPlSQZY/by-unit/LEKA54X3W66F5,Payment,Sunrise Social Club LLC,"","","","",ea,2,"",Physical Good,"",Sunrise Social Club LLC,IDWYH4CCGT7SLETAX625SDWZ,Visa,0321
2026-06-11,14:31:49,Eastern Time (US & Canada),None,Matcha Latte,1.0,"","","16oz, Whole Milk, Cold Foam, Blueberry",$9.00,$0.00,$9.00,$0.70,8UVA3Kk7pNrWoAEcycO1lls2JH9YY,j7NgMFhOoRrwciJICOAwz5K7McXZY,Square Terminal 2274,"",https://app.squareup.com/dashboard/sales/transactions/8UVA3Kk7pNrWoAEcycO1lls2JH9YY/by-unit/LEKA54X3W66F5,Payment,Sunrise Social Club LLC,"","","","",ea,1,"",Physical Good,"",Sunrise Social Club LLC,Y36H4C6V4YFFYACS3RIEFARY,MasterCard,6620
2026-06-11,14:24:41,Eastern Time (US & Canada),None,Matcha Latte,1.0,"","","16oz, Oat Milk, Cold Foam, Strawberry",$9.00,$0.00,$9.00,$0.70,4ihMy10cc5T5YaPzf9N1RD2hioEZY,RSFwmxF7s1r57QSAyo6PZn3gaJHZY,Square Terminal 2274,"",https://app.squareup.com/dashboard/sales/transactions/4ihMy10cc5T5YaPzf9N1RD2hioEZY/by-unit/LEKA54X3W66F5,Payment,Sunrise Social Club LLC,"","","","",ea,1,"",Physical Good,"",Sunrise Social Club LLC,Y36H4C6V4YFFYACS3RIEFARY,Visa,0860
2026-06-11,14:23:59,Eastern Time (US & Canada),None,Matcha Latte,1.0,"","","16oz, Oat Milk, Cold Foam, Cinn Roll",$9.00,$0.00,$9.00,$0.70,i9EkUSpK5H1xDwOcrXTAildF9mSZY,NaAVxsV78lnDTr7Z1NGHlsnTQeMZY,Square Terminal 2274,"",https://app.squareup.com/dashboard/sales/transactions/i9EkUSpK5H1xDwOcrXTAildF9mSZY/by-unit/LEKA54X3W66F5,Payment,Sunrise Social Club LLC,"","","","",ea,1,"",Physical Good,"",Sunrise Social Club LLC,Y36H4C6V4YFFYACS3RIEFARY,Visa,1724
2026-06-11,14:21:55,Eastern Time (US & Canada),None,Aaron,1.0,Regular,"",12oz,$4.00,$0.00,$4.00,$0.31,0W04OF35Xwdc1YNnPLa1Qz4jfVNZY,rVettnzmZn1Cvi9T7d6fbXg9WcHZY,Square Terminal 2274,Strawberry + Blueberry + Lemonade,https://app.squareup.com/dashboard/sales/transactions/0W04OF35Xwdc1YNnPLa1Qz4jfVNZY/by-unit/LEKA54X3W66F5,Payment,Sunrise Social Club LLC,"","","","",ea,1,"",Physical Good,"",Sunrise Social Club LLC,4HDUEPNSDM7WGJ2IU4EPLHP4,Discover,1606
2026-06-11,14:18:13,Eastern Time (US & Canada),None,Matcha Latte,1.0,"","","16oz, Whole Milk, Cold Foam, Strawberry",$9.00,$0.00,$9.00,$0.70,2RdesyjAxjIs6OCYeYT8Yo8TP47YY,BoexuceFkTiy9WNY94GDF0JDAGBZY,Square Terminal 2274,"",https://app.squareup.com/dashboard/sales/transactions/2RdesyjAxjIs6OCYeYT8Yo8TP47YY/by-unit/LEKA54X3W66F5,Payment,Sunrise Social Club LLC,"","","","",ea,1,"",Physical Good,"",Sunrise Social Club LLC,Y36H4C6V4YFFYACS3RIEFARY,Visa,7827
2026-06-11,14:16:07,Eastern Time (US & Canada),None,Matcha Latte,1.0,"","","12oz, Lemonade, Strawberry",$7.00,$0.00,$7.00,$0.54,qznHNxARm7MGlELFlBdAHbx8qmcZY,1wVx0DGkNEHMXCzeGFKkwPiup0eZY,Square Terminal 2274,"",https://app.squareup.com/dashboard/sales/transactions/qznHNxARm7MGlELFlBdAHbx8qmcZY/by-unit/LEKA54X3W66F5,Payment,Sunrise Social Club LLC,"",B6Z8HPPPM23RAMJ44MGHP4ZQHC,"","",ea,1,"",Physical Good,"",Sunrise Social Club LLC,Y36H4C6V4YFFYACS3RIEFARY,MasterCard,8663
2026-06-11,13:59:39,Eastern Time (US & Canada),None,Lemonade,1.0,Regular,"","12oz, Strawberry",$4.00,$0.00,$4.00,$0.31,UkhBBctYmEbmFXGAuOfEqG831kNZY,hkEpo7BoKuyqCzYSqNWHufBDRPYZY,Square Terminal 2274,"",https://app.squareup.com/dashboard/sales/transactions/UkhBBctYmEbmFXGAuOfEqG831kNZY/by-unit/LEKA54X3W66F5,Payment,Sunrise Social Club LLC,"","","","",ea,1,"",Physical Good,"",Sunrise Social Club LLC,IDWYH4CCGT7SLETAX625SDWZ,American Express,1022
2026-06-11,13:59:39,Eastern Time (US & Canada),None,Matcha Latte,1.0,"","","12oz, Whole Milk, Cold Foam, Blueberry",$8.00,$0.00,$8.00,$0.62,UkhBBctYmEbmFXGAuOfEqG831kNZY,hkEpo7BoKuyqCzYSqNWHufBDRPYZY,Square Terminal 2274,"",https://app.squareup.com/dashboard/sales/transactions/UkhBBctYmEbmFXGAuOfEqG831kNZY/by-unit/LEKA54X3W66F5,Payment,Sunrise Social Club LLC,"","","","",ea,1,"",Physical Good,"",Sunrise Social Club LLC,Y36H4C6V4YFFYACS3RIEFARY,American Express,1022
2026-06-11,13:54:02,Eastern Time (US & Canada),None,Lemonade,1.0,Regular,"","16oz, Strawberry",$5.00,$0.00,$5.00,$0.39,izPKHSohm4Ain5r4MhWgYu4Rk0IZY,7LdJrwB0MWTmX1ZU6xTSSvxz8zfZY,Square Terminal 2274,"",https://app.squareup.com/dashboard/sales/transactions/izPKHSohm4Ain5r4MhWgYu4Rk0IZY/by-unit/LEKA54X3W66F5,Payment,Sunrise Social Club LLC,"","","","",ea,1,"",Physical Good,"",Sunrise Social Club LLC,IDWYH4CCGT7SLETAX625SDWZ,Visa,8278
2026-06-11,13:52:43,Eastern Time (US & Canada),None,Matcha Latte,1.0,"","","16oz, Whole Milk, Blueberry",$8.00,$0.00,$8.00,$0.62,4YE8MdNTQNV4Mvr2dbsKH4fIfLfZY,rnJevYJo0iIHtdglKjtfDY9h95IZY,Square Terminal 2274,"",https://app.squareup.com/dashboard/sales/transactions/4YE8MdNTQNV4Mvr2dbsKH4fIfLfZY/by-unit/LEKA54X3W66F5,Payment,Sunrise Social Club LLC,"","","","",ea,1,"",Physical Good,"",Sunrise Social Club LLC,Y36H4C6V4YFFYACS3RIEFARY,Visa,3683
2026-06-11,13:52:43,Eastern Time (US & Canada),None,Lemonade,1.0,Regular,"","16oz, Strawberry",$5.00,$0.00,$5.00,$0.39,4YE8MdNTQNV4Mvr2dbsKH4fIfLfZY,rnJevYJo0iIHtdglKjtfDY9h95IZY,Square Terminal 2274,"",https://app.squareup.com/dashboard/sales/transactions/4YE8MdNTQNV4Mvr2dbsKH4fIfLfZY/by-unit/LEKA54X3W66F5,Payment,Sunrise Social Club LLC,"","","","",ea,1,"",Physical Good,"",Sunrise Social Club LLC,IDWYH4CCGT7SLETAX625SDWZ,Visa,3683
2026-06-11,13:51:07,Eastern Time (US & Canada),None,Lemonade,2.0,Regular,"","16oz, Strawberry",$10.00,$0.00,$10.00,$0.77,mxTXA4ymPvS0GARzU0Dx9OpVkRVZY,BKD95Z6fQSdLna5E6DExDzrTWZYZY,Square Terminal 2274,"",https://app.squareup.com/dashboard/sales/transactions/mxTXA4ymPvS0GARzU0Dx9OpVkRVZY/by-unit/LEKA54X3W66F5,Payment,Sunrise Social Club LLC,"","","","",ea,2,"",Physical Good,"",Sunrise Social Club LLC,IDWYH4CCGT7SLETAX625SDWZ,Visa,0088
2026-06-11,13:51:07,Eastern Time (US & Canada),None,Matcha Latte,1.0,"","","16oz, Whole Milk, Cold Foam, Cinn Roll",$9.00,$0.00,$9.00,$0.70,mxTXA4ymPvS0GARzU0Dx9OpVkRVZY,BKD95Z6fQSdLna5E6DExDzrTWZYZY,Square Terminal 2274,"",https://app.squareup.com/dashboard/sales/transactions/mxTXA4ymPvS0GARzU0Dx9OpVkRVZY/by-unit/LEKA54X3W66F5,Payment,Sunrise Social Club LLC,"","","","",ea,1,"",Physical Good,"",Sunrise Social Club LLC,Y36H4C6V4YFFYACS3RIEFARY,Visa,0088
2026-06-11,13:51:07,Eastern Time (US & Canada),None,Lemonade,1.0,Regular,"","12oz, Strawberry",$4.00,$0.00,$4.00,$0.31,mxTXA4ymPvS0GARzU0Dx9OpVkRVZY,BKD95Z6fQSdLna5E6DExDzrTWZYZY,Square Terminal 2274,"",https://app.squareup.com/dashboard/sales/transactions/mxTXA4ymPvS0GARzU0Dx9OpVkRVZY/by-unit/LEKA54X3W66F5,Payment,Sunrise Social Club LLC,"","","","",ea,1,"",Physical Good,"",Sunrise Social Club LLC,IDWYH4CCGT7SLETAX625SDWZ,Visa,0088
2026-06-11,13:46:51,Eastern Time (US & Canada),None,Matcha Latte,1.0,"","","16oz, Lemonade, Strawberry",$8.00,$0.00,$8.00,$0.62,KViEX5HTf2sLJglRAkubxBi5XFFZY,BMcT0KxQuQP0FlxcNx9NKYoAZBfZY,Square Terminal 2274,"",https://app.squareup.com/dashboard/sales/transactions/KViEX5HTf2sLJglRAkubxBi5XFFZY/by-unit/LEKA54X3W66F5,Payment,Sunrise Social Club LLC,"","","","",ea,1,"",Physical Good,"",Sunrise Social Club LLC,Y36H4C6V4YFFYACS3RIEFARY,American Express,4007
2026-06-11,13:46:51,Eastern Time (US & Canada),None,Lemonade,1.0,Regular,"",16oz,$4.00,$0.00,$4.00,$0.31,KViEX5HTf2sLJglRAkubxBi5XFFZY,BMcT0KxQuQP0FlxcNx9NKYoAZBfZY,Square Terminal 2274,"",https://app.squareup.com/dashboard/sales/transactions/KViEX5HTf2sLJglRAkubxBi5XFFZY/by-unit/LEKA54X3W66F5,Payment,Sunrise Social Club LLC,"","","","",ea,1,"",Physical Good,"",Sunrise Social Club LLC,IDWYH4CCGT7SLETAX625SDWZ,American Express,4007
2026-06-11,13:46:51,Eastern Time (US & Canada),None,Matcha Latte,1.0,"","","12oz, Whole Milk",$6.00,$0.00,$6.00,$0.47,KViEX5HTf2sLJglRAkubxBi5XFFZY,BMcT0KxQuQP0FlxcNx9NKYoAZBfZY,Square Terminal 2274,"",https://app.squareup.com/dashboard/sales/transactions/KViEX5HTf2sLJglRAkubxBi5XFFZY/by-unit/LEKA54X3W66F5,Payment,Sunrise Social Club LLC,"","","","",ea,1,"",Physical Good,"",Sunrise Social Club LLC,Y36H4C6V4YFFYACS3RIEFARY,American Express,4007
2026-06-11,13:44:35,Eastern Time (US & Canada),None,Matcha Latte,1.0,"","","12oz, Whole Milk, Cinn Roll",$7.00,$0.00,$7.00,$0.54,mjmeRodNu5zsmnq9CFqIpnhSAfaZY,vncInQB100c1NI1ZpCn6BTjTp8bZY,Square Terminal 2274,"",https://app.squareup.com/dashboard/sales/transactions/mjmeRodNu5zsmnq9CFqIpnhSAfaZY/by-unit/LEKA54X3W66F5,Payment,Sunrise Social Club LLC,"","","","",ea,1,"",Physical Good,"",Sunrise Social Club LLC,Y36H4C6V4YFFYACS3RIEFARY,Visa,7649
2026-06-11,13:43:31,Eastern Time (US & Canada),None,Matcha Latte,1.0,"","","16oz, Whole Milk, Cold Foam, Cinn Roll",$9.00,$0.00,$9.00,$0.70,sCqzaamdR8mtCMwlFFIx39QY6ZcZY,jrrju44gkdz2vT5id98yeOcKw3bZY,Square Terminal 2274,"",https://app.squareup.com/dashboard/sales/transactions/sCqzaamdR8mtCMwlFFIx39QY6ZcZY/by-unit/LEKA54X3W66F5,Payment,Sunrise Social Club LLC,"",W472CTD43V8VPM7S6GC1VFWPD8,Anna Watters,"",ea,1,"",Physical Good,"",Sunrise Social Club LLC,Y36H4C6V4YFFYACS3RIEFARY,Visa,9006
2026-06-11,13:39:52,Eastern Time (US & Canada),None,Matcha Latte,1.0,"","","12oz, Oat Milk, Cold Foam, Strawberry",$8.00,$0.00,$8.00,$0.62,ydC7pvMiq0exg4XaGEkb012XhNJZY,FSM6QeeXYFLNC8T6g313BbdlyUGZY,Square Terminal 2274,"",https://app.squareup.com/dashboard/sales/transactions/ydC7pvMiq0exg4XaGEkb012XhNJZY/by-unit/LEKA54X3W66F5,Payment,Sunrise Social Club LLC,"","","","",ea,1,"",Physical Good,"",Sunrise Social Club LLC,Y36H4C6V4YFFYACS3RIEFARY,Visa,0536
2026-06-11,13:38:12,Eastern Time (US & Canada),None,Matcha Latte,1.0,"","","12oz, Oat Milk, Cold Foam, Cinn Roll",$8.00,$0.00,$8.00,$0.62,E60Dr5hRIHLRQBox6TwOJZWm5dNZY,5azodDAxECoAr1GsrzXf8djJKvUZY,Square Terminal 2274,"",https://app.squareup.com/dashboard/sales/transactions/E60Dr5hRIHLRQBox6TwOJZWm5dNZY/by-unit/LEKA54X3W66F5,Payment,Sunrise Social Club LLC,"","","","",ea,1,"",Physical Good,"",Sunrise Social Club LLC,Y36H4C6V4YFFYACS3RIEFARY,MasterCard,9835
2026-06-11,13:37:15,Eastern Time (US & Canada),None,Matcha Latte,1.0,"","","16oz, Oat Milk, Cold Foam, Blueberry",$9.00,$0.00,$9.00,$0.70,SzbsY5pYMAXmal9etPknECMnPGIZY,tQbr0HW6avNn5uUCmwboiDYcdkYZY,Square Terminal 2274,"",https://app.squareup.com/dashboard/sales/transactions/SzbsY5pYMAXmal9etPknECMnPGIZY/by-unit/LEKA54X3W66F5,Payment,Sunrise Social Club LLC,"",9M7FKWTJPRADMRG2118FJKQ0N8,"","",ea,1,"",Physical Good,"",Sunrise Social Club LLC,Y36H4C6V4YFFYACS3RIEFARY,Visa,1421
2026-06-11,13:31:24,Eastern Time (US & Canada),None,Matcha Latte,1.0,"","","16oz, Oat Milk, Cold Foam, Blueberry",$9.00,$0.00,$9.00,$0.70,qVmet3THDKaRDl4p09afOV3fDWVZY,3hDoI8i7kesSG84FGU9rlYLG4hAZY,Square Terminal 2274,"",https://app.squareup.com/dashboard/sales/transactions/qVmet3THDKaRDl4p09afOV3fDWVZY/by-unit/LEKA54X3W66F5,Payment,Sunrise Social Club LLC,"",FJG56QD4DH6ED8WNY1CAMM8AM4,"","",ea,1,"",Physical Good,"",Sunrise Social Club LLC,Y36H4C6V4YFFYACS3RIEFARY,Visa,0849
2026-06-11,13:31:24,Eastern Time (US & Canada),None,sticker,1.0,Regular,"","",$2.00,$0.00,$2.00,$0.13,qVmet3THDKaRDl4p09afOV3fDWVZY,3hDoI8i7kesSG84FGU9rlYLG4hAZY,Square Terminal 2274,"",https://app.squareup.com/dashboard/sales/transactions/qVmet3THDKaRDl4p09afOV3fDWVZY/by-unit/LEKA54X3W66F5,Payment,Sunrise Social Club LLC,"",FJG56QD4DH6ED8WNY1CAMM8AM4,"","",ea,1,"",Physical Good,"",Sunrise Social Club LLC,WIKDKPJ6J74CB44HCJ6NMKSX,Visa,0849
2026-06-11,13:31:24,Eastern Time (US & Canada),None,Lemonade,1.0,Regular,"","16oz, Strawberry",$5.00,$0.00,$5.00,$0.39,qVmet3THDKaRDl4p09afOV3fDWVZY,3hDoI8i7kesSG84FGU9rlYLG4hAZY,Square Terminal 2274,"",https://app.squareup.com/dashboard/sales/transactions/qVmet3THDKaRDl4p09afOV3fDWVZY/by-unit/LEKA54X3W66F5,Payment,Sunrise Social Club LLC,"",FJG56QD4DH6ED8WNY1CAMM8AM4,"","",ea,1,"",Physical Good,"",Sunrise Social Club LLC,IDWYH4CCGT7SLETAX625SDWZ,Visa,0849
2026-06-11,13:05:44,Eastern Time (US & Canada),None,Matcha Latte,1.0,"","","16oz, Whole Milk, Cold Foam, Strawberry",$9.00,$0.00,$9.00,$0.70,Ov0nT7HfNmnqJZibKpO4h8L4puXZY,TNYxNZTHYKdjh4BqH264AiBAJefZY,Square Terminal 2274,"",https://app.squareup.com/dashboard/sales/transactions/Ov0nT7HfNmnqJZibKpO4h8L4puXZY/by-unit/LEKA54X3W66F5,Payment,Sunrise Social Club LLC,"","","","",ea,1,"",Physical Good,"",Sunrise Social Club LLC,Y36H4C6V4YFFYACS3RIEFARY,MasterCard,0296
2026-06-11,13:05:44,Eastern Time (US & Canada),None,Matcha Latte,2.0,"","","16oz, Whole Milk, Cold Foam, Blueberry",$18.00,$0.00,$18.00,$1.39,Ov0nT7HfNmnqJZibKpO4h8L4puXZY,TNYxNZTHYKdjh4BqH264AiBAJefZY,Square Terminal 2274,"",https://app.squareup.com/dashboard/sales/transactions/Ov0nT7HfNmnqJZibKpO4h8L4puXZY/by-unit/LEKA54X3W66F5,Payment,Sunrise Social Club LLC,"","","","",ea,2,"",Physical Good,"",Sunrise Social Club LLC,Y36H4C6V4YFFYACS3RIEFARY,MasterCard,0296
2026-06-11,12:56:26,Eastern Time (US & Canada),None,Matcha Latte,1.0,"","","12oz, Blueberry",$7.00,$0.00,$7.00,$0.54,0yoBVluARwHoQdEh0kBt7XVBQIHZY,101O7n25emGBlxz7svxPTv2FQOdZY,Square Terminal 2274,"",https://app.squareup.com/dashboard/sales/transactions/0yoBVluARwHoQdEh0kBt7XVBQIHZY/by-unit/LEKA54X3W66F5,Payment,Sunrise Social Club LLC,"","","","",ea,1,"",Physical Good,"",Sunrise Social Club LLC,Y36H4C6V4YFFYACS3RIEFARY,MasterCard,7825
2026-06-11,12:48:36,Eastern Time (US & Canada),None,Matcha Latte,1.0,"","","12oz, Whole Milk, Cold Foam, Blueberry",$8.00,$0.00,$8.00,$0.62,UmWVi6DFmGx1u4bdtk2PlSCBMbWZY,3x3ea5iS3eiTn2tDbMVdJDyMl9WZY,Square Terminal 2274,"",https://app.squareup.com/dashboard/sales/transactions/UmWVi6DFmGx1u4bdtk2PlSCBMbWZY/by-unit/LEKA54X3W66F5,Payment,Sunrise Social Club LLC,"","","","",ea,1,"",Physical Good,"",Sunrise Social Club LLC,Y36H4C6V4YFFYACS3RIEFARY,Visa,5146
2026-06-11,12:41:06,Eastern Time (US & Canada),None,Matcha Latte,1.0,"","","12oz, Whole Milk, Cold Foam, Strawberry",$8.00,$0.00,$8.00,$0.62,a5SP8nAB4z5QCSmeyptHrYMpVyZZY,bbRFMgoXm74xPALUxl9jqOYAXsQZY,Square Terminal 2274,"",https://app.squareup.com/dashboard/sales/transactions/a5SP8nAB4z5QCSmeyptHrYMpVyZZY/by-unit/LEKA54X3W66F5,Payment,Sunrise Social Club LLC,"","","","",ea,1,"",Physical Good,"",Sunrise Social Club LLC,Y36H4C6V4YFFYACS3RIEFARY,Visa,3435
2026-06-11,12:41:06,Eastern Time (US & Canada),None,sticker,1.0,Regular,"","",$2.00,$0.00,$2.00,$0.14,a5SP8nAB4z5QCSmeyptHrYMpVyZZY,bbRFMgoXm74xPALUxl9jqOYAXsQZY,Square Terminal 2274,"",https://app.squareup.com/dashboard/sales/transactions/a5SP8nAB4z5QCSmeyptHrYMpVyZZY/by-unit/LEKA54X3W66F5,Payment,Sunrise Social Club LLC,"","","","",ea,1,"",Physical Good,"",Sunrise Social Club LLC,WIKDKPJ6J74CB44HCJ6NMKSX,Visa,3435
2026-06-11,12:39:26,Eastern Time (US & Canada),None,sticker,1.0,Regular,"","",$2.00,$0.00,$2.00,$0.13,mzQVq3fTUWgASiWPohA7EEUgUuLZY,bbpLtSW8j9UJtLGtE6utbCol2haZY,Square Terminal 2274,"",https://app.squareup.com/dashboard/sales/transactions/mzQVq3fTUWgASiWPohA7EEUgUuLZY/by-unit/LEKA54X3W66F5,Payment,Sunrise Social Club LLC,"","","","",ea,1,"",Physical Good,"",Sunrise Social Club LLC,WIKDKPJ6J74CB44HCJ6NMKSX,Visa,3495
2026-06-11,12:39:26,Eastern Time (US & Canada),None,Matcha Latte,1.0,"","","16oz, Oat Milk, Cold Foam, Strawberry",$9.00,$0.00,$9.00,$0.70,mzQVq3fTUWgASiWPohA7EEUgUuLZY,bbpLtSW8j9UJtLGtE6utbCol2haZY,Square Terminal 2274,"",https://app.squareup.com/dashboard/sales/transactions/mzQVq3fTUWgASiWPohA7EEUgUuLZY/by-unit/LEKA54X3W66F5,Payment,Sunrise Social Club LLC,"","","","",ea,1,"",Physical Good,"",Sunrise Social Club LLC,Y36H4C6V4YFFYACS3RIEFARY,Visa,3495
2026-06-11,12:37:00,Eastern Time (US & Canada),None,Matcha Latte,1.0,"","","12oz, Lemonade, Strawberry",$7.00,$0.00,$7.00,$0.54,gYOQ1hTdibByHIicYtPYy6dnoINZY,vP8OzOF4xtwnrPoAjeNhjmWRa3FZY,Square Terminal 2274,"",https://app.squareup.com/dashboard/sales/transactions/gYOQ1hTdibByHIicYtPYy6dnoINZY/by-unit/LEKA54X3W66F5,Payment,Sunrise Social Club LLC,"","","","",ea,1,"",Physical Good,"",Sunrise Social Club LLC,Y36H4C6V4YFFYACS3RIEFARY,Discover,1606
2026-06-11,12:35:01,Eastern Time (US & Canada),None,Matcha Latte,1.0,"","","16oz, Cold Foam, Blueberry",$9.00,$0.00,$9.00,$0.70,aDp8E8bwVnqZ1l2EbGgPUf2dKKaZY,PHU8lIQRLQ6SbdRi0FM11RoDNBRZY,Square Terminal 2274,"",https://app.squareup.com/dashboard/sales/transactions/aDp8E8bwVnqZ1l2EbGgPUf2dKKaZY/by-unit/LEKA54X3W66F5,Payment,Sunrise Social Club LLC,"",EG5CXJ7204R49X9PWR9ZFKRR80,"","",ea,1,"",Physical Good,"",Sunrise Social Club LLC,Y36H4C6V4YFFYACS3RIEFARY,Visa,1040
2026-06-11,12:27:32,Eastern Time (US & Canada),None,Matcha Latte,1.0,"","","12oz, Oat Milk, Cold Foam, Blueberry",$8.00,$0.00,$8.00,$0.62,Y6BMluf4QytGIX84v0cFRRm60dXZY,7XbD2sqX9DYIVIOezP8aYktcBdGZY,Square Terminal 2274,"",https://app.squareup.com/dashboard/sales/transactions/Y6BMluf4QytGIX84v0cFRRm60dXZY/by-unit/LEKA54X3W66F5,Payment,Sunrise Social Club LLC,"","","","",ea,1,"",Physical Good,"",Sunrise Social Club LLC,Y36H4C6V4YFFYACS3RIEFARY,Visa,9266
2026-06-11,12:27:32,Eastern Time (US & Canada),None,Matcha Latte,1.0,"","","12oz, Lemonade, Strawberry",$7.00,$0.00,$7.00,$0.54,Y6BMluf4QytGIX84v0cFRRm60dXZY,7XbD2sqX9DYIVIOezP8aYktcBdGZY,Square Terminal 2274,"",https://app.squareup.com/dashboard/sales/transactions/Y6BMluf4QytGIX84v0cFRRm60dXZY/by-unit/LEKA54X3W66F5,Payment,Sunrise Social Club LLC,"","","","",ea,1,"",Physical Good,"",Sunrise Social Club LLC,Y36H4C6V4YFFYACS3RIEFARY,Visa,9266
2026-06-11,12:27:32,Eastern Time (US & Canada),None,Matcha Latte,1.0,"","","16oz, Whole Milk, Cold Foam, Blueberry",$9.00,$0.00,$9.00,$0.70,Y6BMluf4QytGIX84v0cFRRm60dXZY,7XbD2sqX9DYIVIOezP8aYktcBdGZY,Square Terminal 2274,"",https://app.squareup.com/dashboard/sales/transactions/Y6BMluf4QytGIX84v0cFRRm60dXZY/by-unit/LEKA54X3W66F5,Payment,Sunrise Social Club LLC,"","","","",ea,1,"",Physical Good,"",Sunrise Social Club LLC,Y36H4C6V4YFFYACS3RIEFARY,Visa,9266
2026-06-11,12:27:32,Eastern Time (US & Canada),None,Matcha Latte,1.0,"","","12oz, Whole Milk, Cold Foam, Strawberry",$8.00,$0.00,$8.00,$0.62,Y6BMluf4QytGIX84v0cFRRm60dXZY,7XbD2sqX9DYIVIOezP8aYktcBdGZY,Square Terminal 2274,"",https://app.squareup.com/dashboard/sales/transactions/Y6BMluf4QytGIX84v0cFRRm60dXZY/by-unit/LEKA54X3W66F5,Payment,Sunrise Social Club LLC,"","","","",ea,1,"",Physical Good,"",Sunrise Social Club LLC,Y36H4C6V4YFFYACS3RIEFARY,Visa,9266
2026-06-11,12:23:33,Eastern Time (US & Canada),None,Matcha Latte,2.0,"","","16oz, Whole Milk, Cold Foam, Strawberry",$18.00,$0.00,$18.00,$1.40,CFgqLgsuAfu9TUcBJ6s2vjVN7ATZY,XlJQlIUebvZhB3bXKSzvh5WtBDWZY,Square Terminal 2274,"",https://app.squareup.com/dashboard/sales/transactions/CFgqLgsuAfu9TUcBJ6s2vjVN7ATZY/by-unit/LEKA54X3W66F5,Payment,Sunrise Social Club LLC,"","","","",ea,2,"",Physical Good,"",Sunrise Social Club LLC,Y36H4C6V4YFFYACS3RIEFARY,Visa,1206
2026-06-11,12:18:37,Eastern Time (US & Canada),None,Matcha Latte,1.0,"","","12oz, Whole Milk, Vanilla",$7.00,$0.00,$7.00,$0.54,ix4rbPXOuUFHcjUItBpFd4IMnGeZY,PTIhkUOqJlZBsF540qQBGsPm6DDZY,Square Terminal 2274,"",https://app.squareup.com/dashboard/sales/transactions/ix4rbPXOuUFHcjUItBpFd4IMnGeZY/by-unit/LEKA54X3W66F5,Payment,Sunrise Social Club LLC,"","","","",ea,1,"",Physical Good,"",Sunrise Social Club LLC,Y36H4C6V4YFFYACS3RIEFARY,MasterCard,8404
2026-06-11,12:18:37,Eastern Time (US & Canada),None,Lemonade,1.0,Regular,"","12oz, Strawberry",$4.00,$0.00,$4.00,$0.31,ix4rbPXOuUFHcjUItBpFd4IMnGeZY,PTIhkUOqJlZBsF540qQBGsPm6DDZY,Square Terminal 2274,"",https://app.squareup.com/dashboard/sales/transactions/ix4rbPXOuUFHcjUItBpFd4IMnGeZY/by-unit/LEKA54X3W66F5,Payment,Sunrise Social Club LLC,"","","","",ea,1,"",Physical Good,"",Sunrise Social Club LLC,IDWYH4CCGT7SLETAX625SDWZ,MasterCard,8404
2026-06-11,12:16:57,Eastern Time (US & Canada),None,Matcha Latte,1.0,"","","16oz, Lemonade, Strawberry",$8.00,$0.00,$8.00,$0.62,elhy1EVQyHECL06aflKaaZmJ5mLZY,VkFgEzhuiQPqE0VSzqGIXvFc9mMZY,Square Terminal 2274,"",https://app.squareup.com/dashboard/sales/transactions/elhy1EVQyHECL06aflKaaZmJ5mLZY/by-unit/LEKA54X3W66F5,Payment,Sunrise Social Club LLC,"",SCZ66XY5X280YJ5RKDEX8JQZ5G,"","",ea,1,"",Physical Good,"",Sunrise Social Club LLC,Y36H4C6V4YFFYACS3RIEFARY,Visa,7341
2026-06-11,12:13:32,Eastern Time (US & Canada),None,Matcha Latte,1.0,"","","16oz, Oat Milk, Cold Foam, Strawberry",$9.00,$0.00,$9.00,$0.70,aFCgAuwXMUD172t0MNJfJNRoYv5YY,Fsn5E8pB4u9JE9NZyENvV3wSUjJZY,Square Terminal 2274,"",https://app.squareup.com/dashboard/sales/transactions/aFCgAuwXMUD172t0MNJfJNRoYv5YY/by-unit/LEKA54X3W66F5,Payment,Sunrise Social Club LLC,"","","","",ea,1,"",Physical Good,"",Sunrise Social Club LLC,Y36H4C6V4YFFYACS3RIEFARY,"",""
2026-06-11,12:08:20,Eastern Time (US & Canada),None,Matcha Latte,1.0,"","","16oz, Oat Milk, Cold Foam, Strawberry",$9.00,$0.00,$9.00,$0.70,OhHuwpqmYjdQjEDbJX5xKBb9sVOZY,7FM2lmum0cYu1SgQueb78t1qXu9YY,Square Terminal 2274,"",https://app.squareup.com/dashboard/sales/transactions/OhHuwpqmYjdQjEDbJX5xKBb9sVOZY/by-unit/LEKA54X3W66F5,Payment,Sunrise Social Club LLC,"","","","",ea,1,"",Physical Good,"",Sunrise Social Club LLC,Y36H4C6V4YFFYACS3RIEFARY,Visa,4243
2026-06-07,16:01:38,Eastern Time (US & Canada),None,Matcha Latte,3.0,"","","Strawberry, Whole Milk, 16oz",$24.00,$0.00,$24.00,$1.86,6LrvYkOnc6Eo464TlEOAf0QEu2TZY,z5WtPXebon3NjxblRY7RYY9YYu9YY,Ava’s iPhone (3),"",https://app.squareup.com/dashboard/sales/transactions/6LrvYkOnc6Eo464TlEOAf0QEu2TZY/by-unit/LEKA54X3W66F5,Payment,Sunrise Social Club LLC,"","","","",ea,3,"",Physical Good,"",Sunrise Social Club LLC,Y36H4C6V4YFFYACS3RIEFARY,Visa,1188
2026-06-07,13:44:21,Eastern Time (US & Canada),None,Matcha Latte,1.0,"","",Strawberry,$7.00,$0.00,$7.00,$0.54,oGxzP50DdL6A0qmi82O6s9cQwuVZY,bNyLBAXZmtAjYvpzi5MJOMoMAoeZY,Ava’s iPhone (3),"",https://app.squareup.com/dashboard/sales/transactions/oGxzP50DdL6A0qmi82O6s9cQwuVZY/by-unit/LEKA54X3W66F5,Payment,Sunrise Social Club LLC,"","","","",ea,1,"",Physical Good,"",Sunrise Social Club LLC,Y36H4C6V4YFFYACS3RIEFARY,MasterCard,0403
2026-06-07,13:35:24,Eastern Time (US & Canada),None,Matcha Latte,3.0,"","",Strawberry,$21.00,$0.00,$21.00,$1.63,IeHCKf4s0BAE6rgpgLuouPcBUMDZY,Lz9nQP32OQaMs66II3cLcwuBNWVZY,Ava’s iPhone (3),"",https://app.squareup.com/dashboard/sales/transactions/IeHCKf4s0BAE6rgpgLuouPcBUMDZY/by-unit/LEKA54X3W66F5,Payment,Sunrise Social Club LLC,"",HC7CE2G6E00BJ7M0WMMRH47NT8,"","",ea,3,"",Physical Good,"",Sunrise Social Club LLC,Y36H4C6V4YFFYACS3RIEFARY,Visa,3784
2026-06-07,11:35:25,Eastern Time (US & Canada),None,Lemonade,1.0,Regular,"","Salted Maple, 16oz",$5.00,$0.00,$5.00,$0.39,WLCoDFS3hMlC7zN9nPqbI6uyFUPZY,B4CNvzf3nHQkwKafG6zJvxwbsfZZY,Ava’s iPhone (3),"",https://app.squareup.com/dashboard/sales/transactions/WLCoDFS3hMlC7zN9nPqbI6uyFUPZY/by-unit/LEKA54X3W66F5,Payment,Sunrise Social Club LLC,"","","","",ea,1,"",Prepared Food and Beverage,"",Sunrise Social Club LLC,IDWYH4CCGT7SLETAX625SDWZ,Visa,8621
2026-06-06,13:12:42,Eastern Time (US & Canada),None,Lemonade,3.0,Regular,"","16oz, Strawberry",$15.00,$0.00,$15.00,$1.16,4M6cjaC3sUHzbhfzp3F49ownGNTZY,XtfTMNOTAnvL4sHB2e2PlCxSbrIZY,Square Terminal 2274,"",https://app.squareup.com/dashboard/sales/transactions/4M6cjaC3sUHzbhfzp3F49ownGNTZY/by-unit/LEKA54X3W66F5,Payment,Sunrise Social Club LLC,"","","","",ea,3,"",Physical Good,"",Sunrise Social Club LLC,IDWYH4CCGT7SLETAX625SDWZ,Visa,9673
2026-06-06,12:40:43,Eastern Time (US & Canada),None,Matcha Latte,1.0,"","","16oz, Whole Milk, Cold Foam, Blueberry",$9.00,$0.00,$9.00,$0.70,Oh9PhswuDeIWoIbrnG05j8SneWEZY,JahnicPAYO0QPwGMTXbDFmshAWBZY,Square Terminal 2274,"",https://app.squareup.com/dashboard/sales/transactions/Oh9PhswuDeIWoIbrnG05j8SneWEZY/by-unit/LEKA54X3W66F5,Payment,Sunrise Social Club LLC,"","","","",ea,1,"",Physical Good,"",Sunrise Social Club LLC,Y36H4C6V4YFFYACS3RIEFARY,Visa,3473
2026-06-06,12:39:31,Eastern Time (US & Canada),None,Matcha Latte,1.0,"","","16oz, Whole Milk, Cold Foam, Salted Maple",$9.00,$0.00,$9.00,$0.70,gaZBbJ1dRE7DGRp8fQdm9K1oCgUZY,3reHqkkQHyTJdNIo0HOPbDeguwZZY,Square Terminal 2274,"",https://app.squareup.com/dashboard/sales/transactions/gaZBbJ1dRE7DGRp8fQdm9K1oCgUZY/by-unit/LEKA54X3W66F5,Payment,Sunrise Social Club LLC,"","","","",ea,1,"",Physical Good,"",Sunrise Social Club LLC,Y36H4C6V4YFFYACS3RIEFARY,MasterCard,6414
2026-06-06,12:32:36,Eastern Time (US & Canada),None,Matcha Latte,1.0,"","","12oz, Whole Milk",$6.00,$0.00,$6.00,$0.46,8G2KA1eQOg5Sdva4DtrJCydZ25cZY,No3zs6kzkjDOKreoESJ8hIfhwLDZY,Square Terminal 2274,"",https://app.squareup.com/dashboard/sales/transactions/8G2KA1eQOg5Sdva4DtrJCydZ25cZY/by-unit/LEKA54X3W66F5,Payment,Sunrise Social Club LLC,"","","","",ea,1,"",Physical Good,"",Sunrise Social Club LLC,Y36H4C6V4YFFYACS3RIEFARY,MasterCard,5745
2026-06-06,12:26:22,Eastern Time (US & Canada),None,Lemonade,4.0,Regular,"",16oz,$16.00,$0.00,$16.00,$1.24,A2hWTou1A5eolyGtn5FHNaj1lIJZY,ZkQ0PnmMxgIEemoKirpzmpAE7mEZY,Square Terminal 2274,"",https://app.squareup.com/dashboard/sales/transactions/A2hWTou1A5eolyGtn5FHNaj1lIJZY/by-unit/LEKA54X3W66F5,Payment,Sunrise Social Club LLC,"","","","",ea,4,"",Physical Good,"",Sunrise Social Club LLC,IDWYH4CCGT7SLETAX625SDWZ,"",""
2026-06-06,12:25:17,Eastern Time (US & Canada),None,Matcha Latte,1.0,"","","16oz, Whole Milk, Cold Foam, Blueberry",$9.00,$0.00,$9.00,$0.70,uLSZWVOPtNpldFtRCOzKos4vhoXZY,nvaM91jBNsZTCH72m6OshGA2kkPZY,Square Terminal 2274,"",https://app.squareup.com/dashboard/sales/transactions/uLSZWVOPtNpldFtRCOzKos4vhoXZY/by-unit/LEKA54X3W66F5,Payment,Sunrise Social Club LLC,"","","","",ea,1,"",Physical Good,"",Sunrise Social Club LLC,Y36H4C6V4YFFYACS3RIEFARY,Visa,2678
2026-06-06,12:25:17,Eastern Time (US & Canada),None,Cold Brew,1.0,Regular,"","16oz, Cold Foam, Cinn Roll",$8.00,$0.00,$8.00,$0.62,uLSZWVOPtNpldFtRCOzKos4vhoXZY,nvaM91jBNsZTCH72m6OshGA2kkPZY,Square Terminal 2274,"",https://app.squareup.com/dashboard/sales/transactions/uLSZWVOPtNpldFtRCOzKos4vhoXZY/by-unit/LEKA54X3W66F5,Payment,Sunrise Social Club LLC,"","","","",ea,1,"",Physical Good,"",Sunrise Social Club LLC,AJEX3MBMC7CMJ6SCA7D4RJIK,Visa,2678
2026-06-06,12:23:25,Eastern Time (US & Canada),None,Ashlen,1.0,Regular,"","Cold Foam, 16oz",$9.00,$0.00,$9.00,$0.70,GNtFs9NuAQsBaZp5lJgvx6VnqnFZY,9CKmVitYCNDYR0arVLDXgqlGq25YY,Square Terminal 2274,Lemonade + Matcha + Strawberry,https://app.squareup.com/dashboard/sales/transactions/GNtFs9NuAQsBaZp5lJgvx6VnqnFZY/by-unit/LEKA54X3W66F5,Payment,Sunrise Social Club LLC,"","","","",ea,1,"",Physical Good,"",Sunrise Social Club LLC,MOZ4HMBYCXPZW3OACLR5LSLG,Visa,4801
2026-06-06,12:21:19,Eastern Time (US & Canada),None,Cold Brew,1.0,Regular,"","Oat Milk, 12oz, Cold Foam, Blueberry",$7.00,$0.00,$7.00,$0.54,4A27eMKQoshWum8oMLVv3mRjoXMZY,b9677f9saaO9cQkqr2tTiE9HqUdZY,Square Terminal 2274,"",https://app.squareup.com/dashboard/sales/transactions/4A27eMKQoshWum8oMLVv3mRjoXMZY/by-unit/LEKA54X3W66F5,Payment,Sunrise Social Club LLC,"","","","",ea,1,"",Physical Good,"",Sunrise Social Club LLC,AJEX3MBMC7CMJ6SCA7D4RJIK,MasterCard,0833
2026-06-06,12:21:19,Eastern Time (US & Canada),None,sticker,1.0,Regular,"","",$2.00,$0.00,$2.00,$0.14,4A27eMKQoshWum8oMLVv3mRjoXMZY,b9677f9saaO9cQkqr2tTiE9HqUdZY,Square Terminal 2274,"",https://app.squareup.com/dashboard/sales/transactions/4A27eMKQoshWum8oMLVv3mRjoXMZY/by-unit/LEKA54X3W66F5,Payment,Sunrise Social Club LLC,"","","","",ea,1,"",Physical Good,"",Sunrise Social Club LLC,WIKDKPJ6J74CB44HCJ6NMKSX,MasterCard,0833
2026-06-06,12:20:20,Eastern Time (US & Canada),None,Matcha Latte,1.0,"","","16oz, Blueberry",$8.00,$0.00,$8.00,$0.62,G7eyCQpj1IczPG4cnKEcoKBl2t9YY,9g1aoOX1bGNGhhQpdP1uCvZLDvIZY,Square Terminal 2274,"",https://app.squareup.com/dashboard/sales/transactions/G7eyCQpj1IczPG4cnKEcoKBl2t9YY/by-unit/LEKA54X3W66F5,Payment,Sunrise Social Club LLC,"","","","",ea,1,"",Physical Good,"",Sunrise Social Club LLC,Y36H4C6V4YFFYACS3RIEFARY,MasterCard,1974
2026-06-06,12:20:20,Eastern Time (US & Canada),None,Cold Brew,1.0,Regular,"","16oz, Cold Foam, Salted Maple",$8.00,$0.00,$8.00,$0.62,G7eyCQpj1IczPG4cnKEcoKBl2t9YY,9g1aoOX1bGNGhhQpdP1uCvZLDvIZY,Square Terminal 2274,"",https://app.squareup.com/dashboard/sales/transactions/G7eyCQpj1IczPG4cnKEcoKBl2t9YY/by-unit/LEKA54X3W66F5,Payment,Sunrise Social Club LLC,"","","","",ea,1,"",Physical Good,"",Sunrise Social Club LLC,AJEX3MBMC7CMJ6SCA7D4RJIK,MasterCard,1974
2026-06-06,12:14:47,Eastern Time (US & Canada),None,Matcha Latte,1.0,"","","16oz, Whole Milk, Cold Foam, Strawberry",$9.00,$0.00,$9.00,$0.70,yBWYZuJwtIFgbRVnBB18h9ol2GPZY,bPZsAmmZqwomuWJj19gRHFQsJ0dZY,Square Terminal 2274,"",https://app.squareup.com/dashboard/sales/transactions/yBWYZuJwtIFgbRVnBB18h9ol2GPZY/by-unit/LEKA54X3W66F5,Payment,Sunrise Social Club LLC,"","","","",ea,1,"",Physical Good,"",Sunrise Social Club LLC,Y36H4C6V4YFFYACS3RIEFARY,Visa,2899
2026-06-06,12:12:31,Eastern Time (US & Canada),None,Cold Brew,2.0,Regular,"","12oz, Cold Foam, Cinn Roll",$14.00,$0.00,$14.00,$1.08,GH8QtdJhU3KXeR5qLG0JGrByEaYZY,dee34HXnm6sh5ZTi7ZBgb4ap5RKZY,Square Terminal 2274,"",https://app.squareup.com/dashboard/sales/transactions/GH8QtdJhU3KXeR5qLG0JGrByEaYZY/by-unit/LEKA54X3W66F5,Payment,Sunrise Social Club LLC,"",T3NVZMCXFQE8D6C5FMYNZ87JGM,"","",ea,2,"",Physical Good,"",Sunrise Social Club LLC,AJEX3MBMC7CMJ6SCA7D4RJIK,MasterCard,0939
2026-06-06,12:05:49,Eastern Time (US & Canada),None,Ashlen,1.0,Regular,"",16oz,$8.00,$0.00,$8.00,$0.62,8SCl2YLvV6XaCqJRb4kIofo2umXZY,jliUccri12HblDsWirxAKBa4sSbZY,Square Terminal 2274,Lemonade + Matcha + Strawberry,https://app.squareup.com/dashboard/sales/transactions/8SCl2YLvV6XaCqJRb4kIofo2umXZY/by-unit/LEKA54X3W66F5,Payment,Sunrise Social Club LLC,"","","","",ea,1,"",Physical Good,"",Sunrise Social Club LLC,MOZ4HMBYCXPZW3OACLR5LSLG,Visa,0053
2026-06-06,12:03:33,Eastern Time (US & Canada),None,Cold Brew,2.0,Regular,"","16oz, Cold Foam, Salted Maple",$16.00,$0.00,$16.00,$1.24,2DIX2FwcPk2J9hAnzmxEVl99V3IZY,bFwkTdw7zuNRppb1efwtjnJRNPAZY,Square Terminal 2274,"",https://app.squareup.com/dashboard/sales/transactions/2DIX2FwcPk2J9hAnzmxEVl99V3IZY/by-unit/LEKA54X3W66F5,Payment,Sunrise Social Club LLC,"",S1QZFYVHNX83DTWV0TAGWREP1C,"","",ea,2,"",Physical Good,"",Sunrise Social Club LLC,AJEX3MBMC7CMJ6SCA7D4RJIK,MasterCard,5738
2026-06-06,11:58:46,Eastern Time (US & Canada),None,Lemonade,1.0,Regular,"","12oz, Strawberry",$4.00,$0.00,$4.00,$0.31,yhgtRMZ87mvmLe91a8xotjNoZ1KZY,Bi9aaK9SGV7JCjb38lNmJyiCg1ZZY,Square Terminal 2274,"",https://app.squareup.com/dashboard/sales/transactions/yhgtRMZ87mvmLe91a8xotjNoZ1KZY/by-unit/LEKA54X3W66F5,Payment,Sunrise Social Club LLC,"","","","",ea,1,"",Physical Good,"",Sunrise Social Club LLC,IDWYH4CCGT7SLETAX625SDWZ,"",""
2026-06-06,11:57:10,Eastern Time (US & Canada),None,Matcha Latte,1.0,"","","16oz, Oat Milk, Cold Foam, Blueberry",$9.00,$0.00,$9.00,$0.70,YWbmzWGfPcRslqyPKQRjV5vMhuUZY,PP21Ani9xjmLa3gBWK3dWdjoJSZZY,Square Terminal 2274,"",https://app.squareup.com/dashboard/sales/transactions/YWbmzWGfPcRslqyPKQRjV5vMhuUZY/by-unit/LEKA54X3W66F5,Payment,Sunrise Social Club LLC,"","","","",ea,1,"",Physical Good,"",Sunrise Social Club LLC,Y36H4C6V4YFFYACS3RIEFARY,Visa,7096
2026-06-06,11:53:18,Eastern Time (US & Canada),None,Aaron,1.0,Regular,"",16oz,$5.00,$0.00,$5.00,$0.39,42XO4JMVUFgEuNmSaVFgUQ0s5lPZY,pOffTED9kuRqbZj2yc5on0zrFgdZY,Square Terminal 2274,Strawberry + Blueberry + Lemonade,https://app.squareup.com/dashboard/sales/transactions/42XO4JMVUFgEuNmSaVFgUQ0s5lPZY/by-unit/LEKA54X3W66F5,Payment,Sunrise Social Club LLC,"","","","",ea,1,"",Physical Good,"",Sunrise Social Club LLC,4HDUEPNSDM7WGJ2IU4EPLHP4,Visa,2084
2026-06-06,11:46:46,Eastern Time (US & Canada),None,Cold Brew,1.0,Regular,"",16oz,$6.00,$0.00,$6.00,$0.46,GjcFj7AFHBfyuAeG9d5l5ORbTkFZY,5UK1dRtDuA5dqZYvVyPXppXkRiSZY,Square Terminal 2274,"",https://app.squareup.com/dashboard/sales/transactions/GjcFj7AFHBfyuAeG9d5l5ORbTkFZY/by-unit/LEKA54X3W66F5,Payment,Sunrise Social Club LLC,"","","","",ea,1,"",Physical Good,"",Sunrise Social Club LLC,AJEX3MBMC7CMJ6SCA7D4RJIK,"",""
2026-06-06,11:46:09,Eastern Time (US & Canada),None,Lemon Dream ,1.0,Regular,"",12oz,$7.00,-$1.82,$5.18,$0.40,sSoUnPkUHr91ffLzgNGbjlusFaQZY,jloljQh25jeXLOEQH6WGKtXKhUDZY,Square Terminal 2274,Lemonade + Matcha + Lemon Cold Foam,https://app.squareup.com/dashboard/sales/transactions/sSoUnPkUHr91ffLzgNGbjlusFaQZY/by-unit/LEKA54X3W66F5,Payment,Sunrise Social Club LLC,"",4BC1V6MFQ2JB0BFNYY7PW5W9E0,"","",ea,1,"",Physical Good,"",Sunrise Social Club LLC,F7TGBUDWI2AZIWKFC2VFRDE2,Visa,4964
2026-06-06,11:46:09,Eastern Time (US & Canada),None,Ashlen,2.0,Regular,"",12oz,$14.00,$0.00,$14.00,$1.08,sSoUnPkUHr91ffLzgNGbjlusFaQZY,jloljQh25jeXLOEQH6WGKtXKhUDZY,Square Terminal 2274,Lemonade + Matcha + Strawberry,https://app.squareup.com/dashboard/sales/transactions/sSoUnPkUHr91ffLzgNGbjlusFaQZY/by-unit/LEKA54X3W66F5,Payment,Sunrise Social Club LLC,"",4BC1V6MFQ2JB0BFNYY7PW5W9E0,"","",ea,2,"",Physical Good,"",Sunrise Social Club LLC,MOZ4HMBYCXPZW3OACLR5LSLG,Visa,4964
2026-06-06,11:46:09,Eastern Time (US & Canada),None,Matcha Latte,1.0,"","","12oz, Cold Foam, Cinn Roll",$8.00,$0.00,$8.00,$0.62,sSoUnPkUHr91ffLzgNGbjlusFaQZY,jloljQh25jeXLOEQH6WGKtXKhUDZY,Square Terminal 2274,"",https://app.squareup.com/dashboard/sales/transactions/sSoUnPkUHr91ffLzgNGbjlusFaQZY/by-unit/LEKA54X3W66F5,Payment,Sunrise Social Club LLC,"",4BC1V6MFQ2JB0BFNYY7PW5W9E0,"","",ea,1,"",Physical Good,"",Sunrise Social Club LLC,Y36H4C6V4YFFYACS3RIEFARY,Visa,4964
2026-06-06,11:41:31,Eastern Time (US & Canada),None,Ashlen,1.0,Regular,"",16oz,$8.00,$0.00,$8.00,$0.62,YgwyV6G17MKg79njRDU6fZ9TMd8YY,NmESAIlEtHYTw4sxLkBrNCw113GZY,Square Terminal 2274,Lemonade + Matcha + Strawberry,https://app.squareup.com/dashboard/sales/transactions/YgwyV6G17MKg79njRDU6fZ9TMd8YY/by-unit/LEKA54X3W66F5,Payment,Sunrise Social Club LLC,"","","","",ea,1,"",Physical Good,"",Sunrise Social Club LLC,MOZ4HMBYCXPZW3OACLR5LSLG,Visa,9933
2026-06-06,11:39:27,Eastern Time (US & Canada),None,Lemonade,1.0,Regular,"",12oz,$3.00,$0.00,$3.00,$0.23,4MGap3yBlbZKDbu8wl3cJHgKsAJZY,pkg0cilNAUBqAgLdgYn33t97XdGZY,Square Terminal 2274,"",https://app.squareup.com/dashboard/sales/transactions/4MGap3yBlbZKDbu8wl3cJHgKsAJZY/by-unit/LEKA54X3W66F5,Payment,Sunrise Social Club LLC,"",DG5J3VF384P1FE269PF9XT37D4,"","",ea,1,"",Physical Good,"",Sunrise Social Club LLC,IDWYH4CCGT7SLETAX625SDWZ,American Express,1002
2026-06-06,11:36:40,Eastern Time (US & Canada),None,Aaron,1.0,Regular,"",16oz,$5.00,$0.00,$5.00,$0.39,kcfSSDsdYPAvRlwP9iWG9kh5ssCZY,VWMNfTvrU7Uycun1sE7IIx8Y1WUZY,Square Terminal 2274,Strawberry + Blueberry + Lemonade,https://app.squareup.com/dashboard/sales/transactions/kcfSSDsdYPAvRlwP9iWG9kh5ssCZY/by-unit/LEKA54X3W66F5,Payment,Sunrise Social Club LLC,"",TXX6CP8ASXJB6GZQD3T10D0WYR,"","",ea,1,"",Physical Good,"",Sunrise Social Club LLC,4HDUEPNSDM7WGJ2IU4EPLHP4,Visa,1550
2026-06-06,11:35:31,Eastern Time (US & Canada),None,Cold Brew,1.0,Regular,"","Oat Milk, 16oz, Cold Foam, Salted Maple",$8.00,$0.00,$8.00,$0.62,wqDAZJ9ytPAOrEMcZskWKqkaaDcZY,3lXBCbddbj72GnNHNML8lhEfiAfZY,Square Terminal 2274,"",https://app.squareup.com/dashboard/sales/transactions/wqDAZJ9ytPAOrEMcZskWKqkaaDcZY/by-unit/LEKA54X3W66F5,Payment,Sunrise Social Club LLC,"",2593QHEF3BR7TD7DFJC4SWCGZ0,"","",ea,1,"",Physical Good,"",Sunrise Social Club LLC,AJEX3MBMC7CMJ6SCA7D4RJIK,Visa,7794
2026-06-06,11:34:15,Eastern Time (US & Canada),None,Lemonade,2.0,Regular,"","16oz, Strawberry",$10.00,$0.00,$10.00,$0.77,WbCuyy8CLftvminPozctq9ESg8ZZY,x0e44s8XBO95bf8ukgqxiecCNUQZY,Square Terminal 2274,"",https://app.squareup.com/dashboard/sales/transactions/WbCuyy8CLftvminPozctq9ESg8ZZY/by-unit/LEKA54X3W66F5,Payment,Sunrise Social Club LLC,"",M5D8HVB1EPN9PNW9RVNXQRQ8GR,"","",ea,2,"",Physical Good,"",Sunrise Social Club LLC,IDWYH4CCGT7SLETAX625SDWZ,Visa,7573
2026-06-06,11:34:15,Eastern Time (US & Canada),None,Cold Brew,1.0,Regular,"",16oz,$6.00,$0.00,$6.00,$0.46,WbCuyy8CLftvminPozctq9ESg8ZZY,x0e44s8XBO95bf8ukgqxiecCNUQZY,Square Terminal 2274,"",https://app.squareup.com/dashboard/sales/transactions/WbCuyy8CLftvminPozctq9ESg8ZZY/by-unit/LEKA54X3W66F5,Payment,Sunrise Social Club LLC,"",M5D8HVB1EPN9PNW9RVNXQRQ8GR,"","",ea,1,"",Physical Good,"",Sunrise Social Club LLC,AJEX3MBMC7CMJ6SCA7D4RJIK,Visa,7573
2026-06-06,11:34:15,Eastern Time (US & Canada),None,Cold Brew,1.0,Regular,"",12oz,$5.00,$0.00,$5.00,$0.39,WbCuyy8CLftvminPozctq9ESg8ZZY,x0e44s8XBO95bf8ukgqxiecCNUQZY,Square Terminal 2274,"",https://app.squareup.com/dashboard/sales/transactions/WbCuyy8CLftvminPozctq9ESg8ZZY/by-unit/LEKA54X3W66F5,Payment,Sunrise Social Club LLC,"",M5D8HVB1EPN9PNW9RVNXQRQ8GR,"","",ea,1,"",Physical Good,"",Sunrise Social Club LLC,AJEX3MBMC7CMJ6SCA7D4RJIK,Visa,7573
2026-06-06,11:34:15,Eastern Time (US & Canada),None,Lemonade,1.0,Regular,"",16oz,$4.00,$0.00,$4.00,$0.31,WbCuyy8CLftvminPozctq9ESg8ZZY,x0e44s8XBO95bf8ukgqxiecCNUQZY,Square Terminal 2274,"",https://app.squareup.com/dashboard/sales/transactions/WbCuyy8CLftvminPozctq9ESg8ZZY/by-unit/LEKA54X3W66F5,Payment,Sunrise Social Club LLC,"",M5D8HVB1EPN9PNW9RVNXQRQ8GR,"","",ea,1,"",Physical Good,"",Sunrise Social Club LLC,IDWYH4CCGT7SLETAX625SDWZ,Visa,7573
2026-06-06,11:34:15,Eastern Time (US & Canada),None,Lemonade,1.0,Regular,"","16oz, Blueberry",$5.00,$0.00,$5.00,$0.39,WbCuyy8CLftvminPozctq9ESg8ZZY,x0e44s8XBO95bf8ukgqxiecCNUQZY,Square Terminal 2274,"",https://app.squareup.com/dashboard/sales/transactions/WbCuyy8CLftvminPozctq9ESg8ZZY/by-unit/LEKA54X3W66F5,Payment,Sunrise Social Club LLC,"",M5D8HVB1EPN9PNW9RVNXQRQ8GR,"","",ea,1,"",Physical Good,"",Sunrise Social Club LLC,IDWYH4CCGT7SLETAX625SDWZ,Visa,7573
2026-06-06,11:25:12,Eastern Time (US & Canada),None,Lemonade,1.0,Regular,"","16oz, Strawberry",$5.00,$0.00,$5.00,$0.39,KZmHauFxz0nE5xoq22Ing0uSSSMZY,9eEaeVI29e3gvmVO46y4JAbORPdZY,Square Terminal 2274,"",https://app.squareup.com/dashboard/sales/transactions/KZmHauFxz0nE5xoq22Ing0uSSSMZY/by-unit/LEKA54X3W66F5,Payment,Sunrise Social Club LLC,"","","","",ea,1,"",Physical Good,"",Sunrise Social Club LLC,IDWYH4CCGT7SLETAX625SDWZ,Visa,6095
2026-06-06,11:24:22,Eastern Time (US & Canada),None,Lemonade,1.0,Regular,"","16oz, Cold Foam, Blueberry",$6.00,$0.00,$6.00,$0.46,w6vS5RflTbLD4SgwKyQWZWNGrd9YY,zRmfDnPWT7UpWbxHCfeu4KcVo0bZY,Square Terminal 2274,"",https://app.squareup.com/dashboard/sales/transactions/w6vS5RflTbLD4SgwKyQWZWNGrd9YY/by-unit/LEKA54X3W66F5,Payment,Sunrise Social Club LLC,"","","","",ea,1,"",Physical Good,"",Sunrise Social Club LLC,IDWYH4CCGT7SLETAX625SDWZ,Visa,1429
2026-06-06,11:23:30,Eastern Time (US & Canada),None,Lemonade,1.0,Regular,"","16oz, Strawberry",$5.00,$0.00,$5.00,$0.39,ouLGHLPs4TBgQMVwrylPZu4W6MJZY,7fbp0LpWCvqlVo3jrYSFyf81a8EZY,Square Terminal 2274,"",https://app.squareup.com/dashboard/sales/transactions/ouLGHLPs4TBgQMVwrylPZu4W6MJZY/by-unit/LEKA54X3W66F5,Payment,Sunrise Social Club LLC,"","","","",ea,1,"",Physical Good,"",Sunrise Social Club LLC,IDWYH4CCGT7SLETAX625SDWZ,Visa,6336
2026-06-06,11:22:48,Eastern Time (US & Canada),None,Matcha Latte,1.0,"","","12oz, Whole Milk, Strawberry",$7.00,$0.00,$7.00,$0.54,mld5Th9m4xGalOcmiteY53aXJYNZY,9KMbWlx8asKvTPiQULu99sYX0kZZY,Square Terminal 2274,"",https://app.squareup.com/dashboard/sales/transactions/mld5Th9m4xGalOcmiteY53aXJYNZY/by-unit/LEKA54X3W66F5,Payment,Sunrise Social Club LLC,"",1NG92TMT1Z4NG7EA3KG8E5P5YR,"","",ea,1,"",Physical Good,"",Sunrise Social Club LLC,Y36H4C6V4YFFYACS3RIEFARY,MasterCard,4238
2026-06-06,11:22:48,Eastern Time (US & Canada),None,Matcha Latte,1.0,"","","12oz, Whole Milk, Cold Foam, Blueberry",$8.00,$0.00,$8.00,$0.62,mld5Th9m4xGalOcmiteY53aXJYNZY,9KMbWlx8asKvTPiQULu99sYX0kZZY,Square Terminal 2274,"",https://app.squareup.com/dashboard/sales/transactions/mld5Th9m4xGalOcmiteY53aXJYNZY/by-unit/LEKA54X3W66F5,Payment,Sunrise Social Club LLC,"",1NG92TMT1Z4NG7EA3KG8E5P5YR,"","",ea,1,"",Physical Good,"",Sunrise Social Club LLC,Y36H4C6V4YFFYACS3RIEFARY,MasterCard,4238
2026-06-06,11:21:32,Eastern Time (US & Canada),None,Aaron,1.0,Regular,"","",$4.00,$0.00,$4.00,$0.31,WXOvdpI8NeaOwd7UJ2w1Zc326qYZY,HXOuKsW4D0KC684I7XnYODlKPAfZY,Square Terminal 2274,Strawberry + Blueberry + Lemonade,https://app.squareup.com/dashboard/sales/transactions/WXOvdpI8NeaOwd7UJ2w1Zc326qYZY/by-unit/LEKA54X3W66F5,Payment,Sunrise Social Club LLC,"","","","",ea,1,"",Physical Good,"",Sunrise Social Club LLC,4HDUEPNSDM7WGJ2IU4EPLHP4,Visa,7418
2026-06-06,11:20:59,Eastern Time (US & Canada),None,Matcha Latte,1.0,"","","12oz, Oat Milk, Strawberry",$7.00,$0.00,$7.00,$0.54,OtlWqlDnYnewc9Vz31ASPoW4Y0ZZY,TBy3SQaEyU6kwwgiHkaGMzYkzUBZY,Square Terminal 2274,"",https://app.squareup.com/dashboard/sales/transactions/OtlWqlDnYnewc9Vz31ASPoW4Y0ZZY/by-unit/LEKA54X3W66F5,Payment,Sunrise Social Club LLC,"","","","",ea,1,"",Physical Good,"",Sunrise Social Club LLC,Y36H4C6V4YFFYACS3RIEFARY,Visa,0468
2026-06-06,11:20:15,Eastern Time (US & Canada),None,Cold Brew,1.0,Regular,"","Whole Milk, 16oz, Cold Foam, Cinn Roll",$8.00,$0.00,$8.00,$0.62,mRrhlRiVXmoTyVfmQq4JFV2Xo4FZY,BuPeBGzp59fKy8tAANxOrf68BSQZY,Square Terminal 2274,"",https://app.squareup.com/dashboard/sales/transactions/mRrhlRiVXmoTyVfmQq4JFV2Xo4FZY/by-unit/LEKA54X3W66F5,Payment,Sunrise Social Club LLC,"","","","",ea,1,"",Physical Good,"",Sunrise Social Club LLC,AJEX3MBMC7CMJ6SCA7D4RJIK,Visa,0412
2026-06-06,11:19:16,Eastern Time (US & Canada),None,Lemonade,1.0,Regular,"","16oz, Strawberry",$5.00,$0.00,$5.00,$0.39,extVz9QBUOgvXaNhPcQpuQTAulKZY,DTb9EXgFiulqAEaHJZEC4iBRQTAZY,Square Terminal 2274,"",https://app.squareup.com/dashboard/sales/transactions/extVz9QBUOgvXaNhPcQpuQTAulKZY/by-unit/LEKA54X3W66F5,Payment,Sunrise Social Club LLC,"","","","",ea,1,"",Physical Good,"",Sunrise Social Club LLC,IDWYH4CCGT7SLETAX625SDWZ,Visa,7897
2026-06-06,11:18:18,Eastern Time (US & Canada),None,Matcha Latte,1.0,"","","16oz, Oat Milk, Cold Foam, Vanilla",$9.00,$0.00,$9.00,$0.70,AcyrmE2raGHKsb1zr8CsMuHP24XZY,dawtAERPLOK98oN5NM0vyczjSdaZY,Square Terminal 2274,"",https://app.squareup.com/dashboard/sales/transactions/AcyrmE2raGHKsb1zr8CsMuHP24XZY/by-unit/LEKA54X3W66F5,Payment,Sunrise Social Club LLC,"",971E6872T6B2Z7KB6S55BWC1GW,"","",ea,1,"",Physical Good,"",Sunrise Social Club LLC,Y36H4C6V4YFFYACS3RIEFARY,American Express,1035
2026-06-06,11:16:36,Eastern Time (US & Canada),None,Matcha Latte,1.0,"","","16oz, Whole Milk, Cold Foam, Strawberry",$9.00,-$2.34,$6.66,$0.52,02SHq5rbsOPONWfy5D3p941NWpVZY,39xASDu2uPtVraeQZkPPpyGHW19YY,Square Terminal 2274,"",https://app.squareup.com/dashboard/sales/transactions/02SHq5rbsOPONWfy5D3p941NWpVZY/by-unit/LEKA54X3W66F5,Payment,Sunrise Social Club LLC,"",C9GB9RZSQDRSF870SM13D7A374,"","",ea,1,"",Physical Good,"",Sunrise Social Club LLC,Y36H4C6V4YFFYACS3RIEFARY,Visa,0925
2026-06-06,11:15:41,Eastern Time (US & Canada),None,Matcha Latte,1.0,"","","16oz, Cold Foam, Salted Maple",$9.00,-$2.34,$6.66,$0.52,QuPTECndh6xy7DmwaRKtSTeJdFJZY,JQoN6GgU2z9ZtSOfQPQfOs52ebdZY,Square Terminal 2274,"",https://app.squareup.com/dashboard/sales/transactions/QuPTECndh6xy7DmwaRKtSTeJdFJZY/by-unit/LEKA54X3W66F5,Payment,Sunrise Social Club LLC,"","","","",ea,1,"",Physical Good,"",Sunrise Social Club LLC,Y36H4C6V4YFFYACS3RIEFARY,Visa,9887
2026-06-06,11:14:22,Eastern Time (US & Canada),None,Ashlen,1.0,Regular,"",16oz,$8.00,$0.00,$8.00,$0.62,0kr4U6j9ubc2CTpk0vi4zakDx6PZY,rlmnIE2QnohYNfN91zQxMiPdpjEZY,Square Terminal 2274,Lemonade + Matcha + Strawberry,https://app.squareup.com/dashboard/sales/transactions/0kr4U6j9ubc2CTpk0vi4zakDx6PZY/by-unit/LEKA54X3W66F5,Payment,Sunrise Social Club LLC,"","","","",ea,1,"",Physical Good,"",Sunrise Social Club LLC,MOZ4HMBYCXPZW3OACLR5LSLG,Visa,5011
2026-06-06,11:13:14,Eastern Time (US & Canada),None,Ashlen,1.0,Regular,"","Cold Foam, 16oz",$9.00,$0.00,$9.00,$0.70,0KUrUSQnlDPtNI3CFOXvr9A4TsHZY,tAzBPlHAXZE5dfn0hfw8TiATgFKZY,Square Terminal 2274,Lemonade + Matcha + Strawberry,https://app.squareup.com/dashboard/sales/transactions/0KUrUSQnlDPtNI3CFOXvr9A4TsHZY/by-unit/LEKA54X3W66F5,Payment,Sunrise Social Club LLC,"","","","",ea,1,"",Physical Good,"",Sunrise Social Club LLC,MOZ4HMBYCXPZW3OACLR5LSLG,MasterCard,2830
2026-06-06,11:12:05,Eastern Time (US & Canada),None,Matcha Latte,1.0,"","","16oz, Lemonade, Cold Foam, Strawberry",$9.00,$0.00,$9.00,$0.70,IeBPcSh5Vv3MpyUZrioKorOPYtIZY,Z84gKTt6PB7mZCZGuSl9mTSvwHOZY,Square Terminal 2274,"",https://app.squareup.com/dashboard/sales/transactions/IeBPcSh5Vv3MpyUZrioKorOPYtIZY/by-unit/LEKA54X3W66F5,Payment,Sunrise Social Club LLC,"","","","",ea,1,"",Physical Good,"",Sunrise Social Club LLC,Y36H4C6V4YFFYACS3RIEFARY,Visa,1441
2026-06-06,11:10:49,Eastern Time (US & Canada),None,Matcha Latte,1.0,"","","16oz, Oat Milk, Vanilla",$8.00,$0.00,$8.00,$0.62,CRmUCR8Wn5BkML91JOlIXJxavnYZY,3pXmtDnpqfnY3tWYta1Nc76bdg7YY,Square Terminal 2274,"",https://app.squareup.com/dashboard/sales/transactions/CRmUCR8Wn5BkML91JOlIXJxavnYZY/by-unit/LEKA54X3W66F5,Payment,Sunrise Social Club LLC,"",QK779QGEGRQ1ERX0SK724VA55C,"","",ea,1,"",Physical Good,"",Sunrise Social Club LLC,Y36H4C6V4YFFYACS3RIEFARY,Visa,6839
2026-06-06,11:10:03,Eastern Time (US & Canada),None,Matcha Latte,1.0,"","","16oz, Cold Foam, Cinn Roll",$9.00,$0.00,$9.00,$0.70,it2r9gHGtWZx4Qzwri052bOfoheZY,rhUFBPARdPlpYBySWSwaRqHOuIEZY,Square Terminal 2274,"",https://app.squareup.com/dashboard/sales/transactions/it2r9gHGtWZx4Qzwri052bOfoheZY/by-unit/LEKA54X3W66F5,Payment,Sunrise Social Club LLC,"","","","",ea,1,"",Physical Good,"",Sunrise Social Club LLC,Y36H4C6V4YFFYACS3RIEFARY,Visa,6408
2026-06-06,11:09:19,Eastern Time (US & Canada),None,Matcha Latte,1.0,"","","16oz, Cold Foam, Salted Maple",$9.00,$0.00,$9.00,$0.70,wKZ1WJuqv4whX8bZfrLDyGF9mbOZY,RGJD3KFQhxF9g3q1XfzRnuYXEQEZY,Square Terminal 2274,"",https://app.squareup.com/dashboard/sales/transactions/wKZ1WJuqv4whX8bZfrLDyGF9mbOZY/by-unit/LEKA54X3W66F5,Payment,Sunrise Social Club LLC,"",YMC11RPBA7FN73WA2PHRNT6WMW,"","",ea,1,"",Physical Good,"",Sunrise Social Club LLC,Y36H4C6V4YFFYACS3RIEFARY,Visa,3510
2026-06-06,11:09:19,Eastern Time (US & Canada),None,Cold Brew,1.0,Regular,"","16oz, Cold Foam, Blueberry",$8.00,$0.00,$8.00,$0.62,wKZ1WJuqv4whX8bZfrLDyGF9mbOZY,RGJD3KFQhxF9g3q1XfzRnuYXEQEZY,Square Terminal 2274,"",https://app.squareup.com/dashboard/sales/transactions/wKZ1WJuqv4whX8bZfrLDyGF9mbOZY/by-unit/LEKA54X3W66F5,Payment,Sunrise Social Club LLC,"",YMC11RPBA7FN73WA2PHRNT6WMW,"","",ea,1,"",Physical Good,"",Sunrise Social Club LLC,AJEX3MBMC7CMJ6SCA7D4RJIK,Visa,3510
2026-06-06,11:07:31,Eastern Time (US & Canada),None,Matcha Latte,1.0,"","","16oz, Whole Milk, Strawberry",$8.00,-$2.08,$5.92,$0.46,Mq4oAQl0srp3BwvnUhQ1VRCtG4RZY,bPPtHajPTAtLfL4LlaoZWCx6UzUZY,Square Terminal 2274,"",https://app.squareup.com/dashboard/sales/transactions/Mq4oAQl0srp3BwvnUhQ1VRCtG4RZY/by-unit/LEKA54X3W66F5,Payment,Sunrise Social Club LLC,"","","","",ea,1,"",Physical Good,"",Sunrise Social Club LLC,Y36H4C6V4YFFYACS3RIEFARY,Visa,2668
2026-06-06,11:07:31,Eastern Time (US & Canada),None,Lemon Dream ,1.0,Regular,"",16oz,$8.00,$0.00,$8.00,$0.62,Mq4oAQl0srp3BwvnUhQ1VRCtG4RZY,bPPtHajPTAtLfL4LlaoZWCx6UzUZY,Square Terminal 2274,Lemonade + Matcha + Lemon Cold Foam,https://app.squareup.com/dashboard/sales/transactions/Mq4oAQl0srp3BwvnUhQ1VRCtG4RZY/by-unit/LEKA54X3W66F5,Payment,Sunrise Social Club LLC,"","","","",ea,1,"",Physical Good,"",Sunrise Social Club LLC,F7TGBUDWI2AZIWKFC2VFRDE2,Visa,2668
2026-06-06,11:05:57,Eastern Time (US & Canada),None,Matcha Latte,1.0,"","","12oz, Oat Milk, Blueberry",$7.00,$0.00,$7.00,$0.54,ok0J9JG1vuMgEOqq8PvGFXRYO4cZY,hgAIi0tR6kGc58qrBoBQunSOVO9YY,Square Terminal 2274,"",https://app.squareup.com/dashboard/sales/transactions/ok0J9JG1vuMgEOqq8PvGFXRYO4cZY/by-unit/LEKA54X3W66F5,Payment,Sunrise Social Club LLC,"","","","",ea,1,"",Physical Good,"",Sunrise Social Club LLC,Y36H4C6V4YFFYACS3RIEFARY,Discover,4804
2026-06-06,11:02:41,Eastern Time (US & Canada),None,Cold Brew,1.0,Regular,"",16oz,$6.00,$0.00,$6.00,$0.46,g4I1pV0opO5Sukc3DlhGMQwPX76YY,1eagMBQZJhWasCr8XRxqLpkYGqHZY,Square Terminal 2274,"",https://app.squareup.com/dashboard/sales/transactions/g4I1pV0opO5Sukc3DlhGMQwPX76YY/by-unit/LEKA54X3W66F5,Payment,Sunrise Social Club LLC,"","","","",ea,1,"",Physical Good,"",Sunrise Social Club LLC,AJEX3MBMC7CMJ6SCA7D4RJIK,MasterCard,9384
2026-06-06,11:02:41,Eastern Time (US & Canada),None,Lemonade,1.0,Regular,"","16oz, Blueberry",$5.00,$0.00,$5.00,$0.39,g4I1pV0opO5Sukc3DlhGMQwPX76YY,1eagMBQZJhWasCr8XRxqLpkYGqHZY,Square Terminal 2274,"",https://app.squareup.com/dashboard/sales/transactions/g4I1pV0opO5Sukc3DlhGMQwPX76YY/by-unit/LEKA54X3W66F5,Payment,Sunrise Social Club LLC,"","","","",ea,1,"",Physical Good,"",Sunrise Social Club LLC,IDWYH4CCGT7SLETAX625SDWZ,MasterCard,9384
2026-06-06,10:59:20,Eastern Time (US & Canada),None,Matcha Latte,1.0,"","","16oz, Whole Milk, Cold Foam, Blueberry",$9.00,$0.00,$9.00,$0.70,qhGnpg2ApzpnhQdxgiGo0VsV2DFZY,tkBD5B9nar2ghk0yzkKCbAPvkYTZY,Square Terminal 2274,"",https://app.squareup.com/dashboard/sales/transactions/qhGnpg2ApzpnhQdxgiGo0VsV2DFZY/by-unit/LEKA54X3W66F5,Payment,Sunrise Social Club LLC,"","","","",ea,1,"",Physical Good,"",Sunrise Social Club LLC,Y36H4C6V4YFFYACS3RIEFARY,Visa,6966
2026-06-06,10:55:44,Eastern Time (US & Canada),None,Ashlen,1.0,Regular,"",12oz,$7.00,$0.00,$7.00,$0.54,MUdIIyTcA4WLvWBb9LthQirLLQaZY,NYpKHzzCXYTuvkfQcSDfDXmwxCaZY,Square Terminal 2274,Lemonade + Matcha + Strawberry,https://app.squareup.com/dashboard/sales/transactions/MUdIIyTcA4WLvWBb9LthQirLLQaZY/by-unit/LEKA54X3W66F5,Payment,Sunrise Social Club LLC,"","","","",ea,1,"",Physical Good,"",Sunrise Social Club LLC,MOZ4HMBYCXPZW3OACLR5LSLG,Visa,1699
2026-06-06,10:54:41,Eastern Time (US & Canada),None,Cold Brew,1.0,Regular,"","Whole Milk, 12oz, Salted Maple",$6.00,$0.00,$6.00,$0.46,ISnZCohpIf2W3UKLZGAORAGgPiHZY,LJgbcXbvXMpzGmzJEmP8fPnGwbfZY,Square Terminal 2274,"",https://app.squareup.com/dashboard/sales/transactions/ISnZCohpIf2W3UKLZGAORAGgPiHZY/by-unit/LEKA54X3W66F5,Payment,Sunrise Social Club LLC,"",NP87DFB1939258GW3P217642BM,"","",ea,1,"",Physical Good,"",Sunrise Social Club LLC,AJEX3MBMC7CMJ6SCA7D4RJIK,Visa,5234
2026-06-06,10:53:25,Eastern Time (US & Canada),None,Matcha Latte,1.0,"","","16oz, Whole Milk, Cold Foam, Strawberry",$9.00,$0.00,$9.00,$0.70,wqDU77el1MdW8MvAONiHDmVw1A6YY,zJEURdVhmb4ECDmuVcfQHSd9WNSZY,Square Terminal 2274,"",https://app.squareup.com/dashboard/sales/transactions/wqDU77el1MdW8MvAONiHDmVw1A6YY/by-unit/LEKA54X3W66F5,Payment,Sunrise Social Club LLC,"","","","",ea,1,"",Physical Good,"",Sunrise Social Club LLC,Y36H4C6V4YFFYACS3RIEFARY,Visa,5828
2026-06-06,10:51:59,Eastern Time (US & Canada),None,Matcha Latte,1.0,"","","16oz, Oat Milk, Strawberry",$8.00,$0.00,$8.00,$0.62,cS2Jrd0ymN3pxiuyyz1cVAG0zPLZY,31vb1OgH5lH3a3y3APw8xRoxscEZY,Square Terminal 2274,"",https://app.squareup.com/dashboard/sales/transactions/cS2Jrd0ymN3pxiuyyz1cVAG0zPLZY/by-unit/LEKA54X3W66F5,Payment,Sunrise Social Club LLC,"","","","",ea,1,"",Physical Good,"",Sunrise Social Club LLC,Y36H4C6V4YFFYACS3RIEFARY,MasterCard,1060
2026-06-06,10:51:59,Eastern Time (US & Canada),None,Cold Brew,1.0,Regular,"","12oz, Cold Foam, Cinn Roll",$7.00,$0.00,$7.00,$0.54,cS2Jrd0ymN3pxiuyyz1cVAG0zPLZY,31vb1OgH5lH3a3y3APw8xRoxscEZY,Square Terminal 2274,"",https://app.squareup.com/dashboard/sales/transactions/cS2Jrd0ymN3pxiuyyz1cVAG0zPLZY/by-unit/LEKA54X3W66F5,Payment,Sunrise Social Club LLC,"","","","",ea,1,"",Physical Good,"",Sunrise Social Club LLC,AJEX3MBMC7CMJ6SCA7D4RJIK,MasterCard,1060
2026-06-06,10:51:59,Eastern Time (US & Canada),None,Cold Brew,1.0,Regular,"","12oz, Vanilla",$6.00,$0.00,$6.00,$0.47,cS2Jrd0ymN3pxiuyyz1cVAG0zPLZY,31vb1OgH5lH3a3y3APw8xRoxscEZY,Square Terminal 2274,"",https://app.squareup.com/dashboard/sales/transactions/cS2Jrd0ymN3pxiuyyz1cVAG0zPLZY/by-unit/LEKA54X3W66F5,Payment,Sunrise Social Club LLC,"","","","",ea,1,"",Physical Good,"",Sunrise Social Club LLC,AJEX3MBMC7CMJ6SCA7D4RJIK,MasterCard,1060
2026-06-06,10:47:47,Eastern Time (US & Canada),None,Matcha Latte,1.0,"","","16oz, Whole Milk, Cold Foam, Vanilla",$9.00,$0.00,$9.00,$0.70,UA1226DESKFjiQuCDYCOKjVfKqbZY,1ycOBzGPAN06ilPBY7QGabcSjraZY,Square Terminal 2274,"",https://app.squareup.com/dashboard/sales/transactions/UA1226DESKFjiQuCDYCOKjVfKqbZY/by-unit/LEKA54X3W66F5,Payment,Sunrise Social Club LLC,"","","","",ea,1,"",Physical Good,"",Sunrise Social Club LLC,Y36H4C6V4YFFYACS3RIEFARY,"",""
2026-06-06,10:45:53,Eastern Time (US & Canada),None,Cold Brew,1.0,Regular,"","16oz, Cold Foam, Cinn Roll",$8.00,$0.00,$8.00,$0.62,WDgxjxHzsNJqwaO0segb4W3TnyLZY,j5qBXImLs2FyZsFMJX9gwtMYAyIZY,Square Terminal 2274,"",https://app.squareup.com/dashboard/sales/transactions/WDgxjxHzsNJqwaO0segb4W3TnyLZY/by-unit/LEKA54X3W66F5,Payment,Sunrise Social Club LLC,"","","","",ea,1,"",Physical Good,"",Sunrise Social Club LLC,AJEX3MBMC7CMJ6SCA7D4RJIK,"",""
2026-06-06,10:44:00,Eastern Time (US & Canada),None,Matcha Latte,1.0,"","","16oz, Whole Milk, Cold Foam, Blueberry",$9.00,$0.00,$9.00,$0.70,wKZVyTMgPN7AW7UaZOx6R1HUvCQZY,ZQqI4D0nJyk1pftsEeSelLJ69m8YY,Square Terminal 2274,"",https://app.squareup.com/dashboard/sales/transactions/wKZVyTMgPN7AW7UaZOx6R1HUvCQZY/by-unit/LEKA54X3W66F5,Payment,Sunrise Social Club LLC,"","","","",ea,1,"",Physical Good,"",Sunrise Social Club LLC,Y36H4C6V4YFFYACS3RIEFARY,Visa,4752
2026-06-06,10:41:31,Eastern Time (US & Canada),None,Matcha Latte,2.0,"","","12oz, Strawberry",$14.00,$0.00,$14.00,$1.08,wKd1P8PzyqnOYsm4Q66PKHB9RrCZY,z9WOM9GHg7qNgXOjxBxaYnyj0hMZY,Square Terminal 2274,"",https://app.squareup.com/dashboard/sales/transactions/wKd1P8PzyqnOYsm4Q66PKHB9RrCZY/by-unit/LEKA54X3W66F5,Payment,Sunrise Social Club LLC,"","","","",ea,2,"",Physical Good,"",Sunrise Social Club LLC,Y36H4C6V4YFFYACS3RIEFARY,"",""
2026-06-06,10:40:14,Eastern Time (US & Canada),None,Matcha Latte,1.0,"","","12oz, Strawberry",$7.00,$0.00,$7.00,$0.54,oMc5OouYB6QYBWL1I9QqDdRz75UZY,PJPJvD10SvhFGE2FTnAMzinWhJKZY,Square Terminal 2274,"",https://app.squareup.com/dashboard/sales/transactions/oMc5OouYB6QYBWL1I9QqDdRz75UZY/by-unit/LEKA54X3W66F5,Payment,Sunrise Social Club LLC,"","","","",ea,1,"",Physical Good,"",Sunrise Social Club LLC,Y36H4C6V4YFFYACS3RIEFARY,American Express,1009
2026-06-06,10:40:14,Eastern Time (US & Canada),None,Cold Brew,1.0,Regular,"","16oz, Cold Foam",$7.00,$0.00,$7.00,$0.54,oMc5OouYB6QYBWL1I9QqDdRz75UZY,PJPJvD10SvhFGE2FTnAMzinWhJKZY,Square Terminal 2274,"",https://app.squareup.com/dashboard/sales/transactions/oMc5OouYB6QYBWL1I9QqDdRz75UZY/by-unit/LEKA54X3W66F5,Payment,Sunrise Social Club LLC,"","","","",ea,1,"",Physical Good,"",Sunrise Social Club LLC,AJEX3MBMC7CMJ6SCA7D4RJIK,American Express,1009
2026-06-06,10:35:26,Eastern Time (US & Canada),None,Maple Pancakes,1.0,Regular,"",16oz,$8.00,$0.00,$8.00,$0.62,2RBQE2V3fAfsUEPLhOFSYzygShGZY,3PQzoGV12JrRIQywetnjqYW6tJCZY,Square Terminal 2274,"",https://app.squareup.com/dashboard/sales/transactions/2RBQE2V3fAfsUEPLhOFSYzygShGZY/by-unit/LEKA54X3W66F5,Payment,Sunrise Social Club LLC,"",X4DHHEEJ7SME2QGTZ2BYZRG65M,"","",ea,1,"",Physical Good,"",Sunrise Social Club LLC,A6QEGQUCHKAM4D5K7SBNVDQP,MasterCard,9575
2026-06-06,10:35:26,Eastern Time (US & Canada),None,Cold Brew,1.0,Regular,"","Oat Milk, 16oz, Cold Foam, Cinn Roll",$8.00,$0.00,$8.00,$0.62,2RBQE2V3fAfsUEPLhOFSYzygShGZY,3PQzoGV12JrRIQywetnjqYW6tJCZY,Square Terminal 2274,"",https://app.squareup.com/dashboard/sales/transactions/2RBQE2V3fAfsUEPLhOFSYzygShGZY/by-unit/LEKA54X3W66F5,Payment,Sunrise Social Club LLC,"",X4DHHEEJ7SME2QGTZ2BYZRG65M,"","",ea,1,"",Physical Good,"",Sunrise Social Club LLC,AJEX3MBMC7CMJ6SCA7D4RJIK,MasterCard,9575
2026-06-06,10:29:04,Eastern Time (US & Canada),None,Cold Brew,1.0,Regular,"","12oz, Cold Foam, Blueberry",$7.00,$0.00,$7.00,$0.54,EeKLE890rPIIq5E8svXy1X79NUPZY,NYx0inz0I6W8lXp0rwgmMLSeJvHZY,Square Terminal 2274,"",https://app.squareup.com/dashboard/sales/transactions/EeKLE890rPIIq5E8svXy1X79NUPZY/by-unit/LEKA54X3W66F5,Payment,Sunrise Social Club LLC,"","","","",ea,1,"",Physical Good,"",Sunrise Social Club LLC,AJEX3MBMC7CMJ6SCA7D4RJIK,Visa,2725
2026-06-06,10:27:28,Eastern Time (US & Canada),None,Lemon Dream ,1.0,Regular,"",12oz,$7.00,$0.00,$7.00,$0.54,om7i4hMn4DaHEI2ubVzryJHaP88YY,1mIZmLPDJcttIdpJvlnbBvDC3zOZY,Square Terminal 2274,Lemonade + Matcha + Lemon Cold Foam,https://app.squareup.com/dashboard/sales/transactions/om7i4hMn4DaHEI2ubVzryJHaP88YY/by-unit/LEKA54X3W66F5,Payment,Sunrise Social Club LLC,"","","","",ea,1,"",Physical Good,"",Sunrise Social Club LLC,F7TGBUDWI2AZIWKFC2VFRDE2,Visa,4243
2026-06-06,10:26:38,Eastern Time (US & Canada),None,Lemonade,1.0,Regular,"","16oz, Strawberry",$5.00,$0.00,$5.00,$0.39,cwHGhjlrBKK9Cqje8c1pchThn4ZZY,vZ1kbfxKUjfxapoyb8Y3nzbuWCHZY,Square Terminal 2274,"",https://app.squareup.com/dashboard/sales/transactions/cwHGhjlrBKK9Cqje8c1pchThn4ZZY/by-unit/LEKA54X3W66F5,Payment,Sunrise Social Club LLC,"","","","",ea,1,"",Physical Good,"",Sunrise Social Club LLC,IDWYH4CCGT7SLETAX625SDWZ,Visa,6167
2026-06-06,10:26:38,Eastern Time (US & Canada),None,Lemonade,1.0,Regular,"",16oz,$4.00,$0.00,$4.00,$0.31,cwHGhjlrBKK9Cqje8c1pchThn4ZZY,vZ1kbfxKUjfxapoyb8Y3nzbuWCHZY,Square Terminal 2274,"",https://app.squareup.com/dashboard/sales/transactions/cwHGhjlrBKK9Cqje8c1pchThn4ZZY/by-unit/LEKA54X3W66F5,Payment,Sunrise Social Club LLC,"","","","",ea,1,"",Physical Good,"",Sunrise Social Club LLC,IDWYH4CCGT7SLETAX625SDWZ,Visa,6167
2026-06-06,10:25:14,Eastern Time (US & Canada),None,Lemonade,1.0,Regular,"",12oz,$3.00,$0.00,$3.00,$0.23,IWX4O2s6ahJxTh65g4Yg67fXKVQZY,7poFe8mtLLNEapPr6DwjmEGbEPWZY,Square Terminal 2274,"",https://app.squareup.com/dashboard/sales/transactions/IWX4O2s6ahJxTh65g4Yg67fXKVQZY/by-unit/LEKA54X3W66F5,Payment,Sunrise Social Club LLC,"",6XCWCSK1VM9ZPG134JXV967SGW,"","",ea,1,"",Physical Good,"",Sunrise Social Club LLC,IDWYH4CCGT7SLETAX625SDWZ,Visa,8665
2026-06-06,10:25:14,Eastern Time (US & Canada),None,sticker,2.0,Regular,"","",$4.00,$0.00,$4.00,$0.27,IWX4O2s6ahJxTh65g4Yg67fXKVQZY,7poFe8mtLLNEapPr6DwjmEGbEPWZY,Square Terminal 2274,"",https://app.squareup.com/dashboard/sales/transactions/IWX4O2s6ahJxTh65g4Yg67fXKVQZY/by-unit/LEKA54X3W66F5,Payment,Sunrise Social Club LLC,"",6XCWCSK1VM9ZPG134JXV967SGW,"","",ea,2,"",Physical Good,"",Sunrise Social Club LLC,WIKDKPJ6J74CB44HCJ6NMKSX,Visa,8665
2026-06-06,10:23:13,Eastern Time (US & Canada),None,Matcha Latte,1.0,"","","12oz, Oat Milk",$6.00,$0.00,$6.00,$0.46,W5lEqfCz4DgINXJlIe2TmT2GwPEZY,tYxO9FwrLwcN9CSQfqUi7NkHXedZY,Square Terminal 2274,"",https://app.squareup.com/dashboard/sales/transactions/W5lEqfCz4DgINXJlIe2TmT2GwPEZY/by-unit/LEKA54X3W66F5,Payment,Sunrise Social Club LLC,"","","","",ea,1,"",Physical Good,"",Sunrise Social Club LLC,Y36H4C6V4YFFYACS3RIEFARY,MasterCard,6723
2026-06-06,10:22:31,Eastern Time (US & Canada),None,Lemonade,1.0,Regular,"","16oz, Strawberry",$5.00,$0.00,$5.00,$0.39,EcVvDU1ZhSgBi9uTx4hRDgKl8xcZY,ZGz3S05rIpT2bq7Aiw2iZn4MFFEZY,Square Terminal 2274,"",https://app.squareup.com/dashboard/sales/transactions/EcVvDU1ZhSgBi9uTx4hRDgKl8xcZY/by-unit/LEKA54X3W66F5,Payment,Sunrise Social Club LLC,"",TGTV6AA4GYBP59Y58KD0FSGDGC,"","",ea,1,"",Physical Good,"",Sunrise Social Club LLC,IDWYH4CCGT7SLETAX625SDWZ,Visa,5822
2026-06-06,10:22:31,Eastern Time (US & Canada),None,Lemonade,1.0,Regular,"",16oz,$4.00,$0.00,$4.00,$0.31,EcVvDU1ZhSgBi9uTx4hRDgKl8xcZY,ZGz3S05rIpT2bq7Aiw2iZn4MFFEZY,Square Terminal 2274,"",https://app.squareup.com/dashboard/sales/transactions/EcVvDU1ZhSgBi9uTx4hRDgKl8xcZY/by-unit/LEKA54X3W66F5,Payment,Sunrise Social Club LLC,"",TGTV6AA4GYBP59Y58KD0FSGDGC,"","",ea,1,"",Physical Good,"",Sunrise Social Club LLC,IDWYH4CCGT7SLETAX625SDWZ,Visa,5822
2026-06-06,10:22:31,Eastern Time (US & Canada),None,sticker,1.0,Regular,"","",$2.00,$0.00,$2.00,$0.13,EcVvDU1ZhSgBi9uTx4hRDgKl8xcZY,ZGz3S05rIpT2bq7Aiw2iZn4MFFEZY,Square Terminal 2274,"",https://app.squareup.com/dashboard/sales/transactions/EcVvDU1ZhSgBi9uTx4hRDgKl8xcZY/by-unit/LEKA54X3W66F5,Payment,Sunrise Social Club LLC,"",TGTV6AA4GYBP59Y58KD0FSGDGC,"","",ea,1,"",Physical Good,"",Sunrise Social Club LLC,WIKDKPJ6J74CB44HCJ6NMKSX,Visa,5822
2026-06-06,10:21:18,Eastern Time (US & Canada),None,Lemonade,1.0,Regular,"",16oz,$4.00,$0.00,$4.00,$0.31,yL1NpSesGakKfKrW6l3FbvcjkFAZY,F8rr4rwg4libZRO0qv5ehSoTrOIZY,Square Terminal 2274,"",https://app.squareup.com/dashboard/sales/transactions/yL1NpSesGakKfKrW6l3FbvcjkFAZY/by-unit/LEKA54X3W66F5,Payment,Sunrise Social Club LLC,"","","","",ea,1,"",Physical Good,"",Sunrise Social Club LLC,IDWYH4CCGT7SLETAX625SDWZ,"",""
2026-06-06,10:21:18,Eastern Time (US & Canada),None,Lemonade,1.0,Regular,"","16oz, Strawberry",$5.00,$0.00,$5.00,$0.39,yL1NpSesGakKfKrW6l3FbvcjkFAZY,F8rr4rwg4libZRO0qv5ehSoTrOIZY,Square Terminal 2274,"",https://app.squareup.com/dashboard/sales/transactions/yL1NpSesGakKfKrW6l3FbvcjkFAZY/by-unit/LEKA54X3W66F5,Payment,Sunrise Social Club LLC,"","","","",ea,1,"",Physical Good,"",Sunrise Social Club LLC,IDWYH4CCGT7SLETAX625SDWZ,"",""
2026-06-06,10:20:05,Eastern Time (US & Canada),None,Cold Brew,1.0,Regular,"","Whole Milk, 16oz, Cold Foam, Blueberry",$8.00,$0.00,$8.00,$0.62,6BY6Df7uefRd1TGIN7fzXZC8EHOZY,HNZkxGfBntDMOGECMFTryrJzp07YY,Square Terminal 2274,"",https://app.squareup.com/dashboard/sales/transactions/6BY6Df7uefRd1TGIN7fzXZC8EHOZY/by-unit/LEKA54X3W66F5,Payment,Sunrise Social Club LLC,"","","","",ea,1,"",Physical Good,"",Sunrise Social Club LLC,AJEX3MBMC7CMJ6SCA7D4RJIK,Discover,0629
2026-06-06,10:19:25,Eastern Time (US & Canada),None,Matcha Latte,1.0,"","","16oz, Oat Milk, Cold Foam, Blueberry",$9.00,$0.00,$9.00,$0.70,y3ztxDgfReturrJkZ59x0GiEFo8YY,TzL5F1qkDIDAB0cj4lZIjNQsztMZY,Square Terminal 2274,"",https://app.squareup.com/dashboard/sales/transactions/y3ztxDgfReturrJkZ59x0GiEFo8YY/by-unit/LEKA54X3W66F5,Payment,Sunrise Social Club LLC,"","","","",ea,1,"",Physical Good,"",Sunrise Social Club LLC,Y36H4C6V4YFFYACS3RIEFARY,MasterCard,6331
2026-06-06,10:19:25,Eastern Time (US & Canada),None,sticker,1.0,Regular,"","",$2.00,$0.00,$2.00,$0.13,y3ztxDgfReturrJkZ59x0GiEFo8YY,TzL5F1qkDIDAB0cj4lZIjNQsztMZY,Square Terminal 2274,"",https://app.squareup.com/dashboard/sales/transactions/y3ztxDgfReturrJkZ59x0GiEFo8YY/by-unit/LEKA54X3W66F5,Payment,Sunrise Social Club LLC,"","","","",ea,1,"",Physical Good,"",Sunrise Social Club LLC,WIKDKPJ6J74CB44HCJ6NMKSX,MasterCard,6331
2026-06-06,10:17:22,Eastern Time (US & Canada),None,Cold Brew,1.0,Regular,"",16oz,$6.00,$0.00,$6.00,$0.46,SbH0qLfEE2x606w3V4A8cG0Aa7fZY,HjgYocXy8gwMWEURJRlvpLCEc6UZY,Square Terminal 2274,"",https://app.squareup.com/dashboard/sales/transactions/SbH0qLfEE2x606w3V4A8cG0Aa7fZY/by-unit/LEKA54X3W66F5,Payment,Sunrise Social Club LLC,"","","","",ea,1,"",Physical Good,"",Sunrise Social Club LLC,AJEX3MBMC7CMJ6SCA7D4RJIK,MasterCard,1816
2026-06-06,10:16:20,Eastern Time (US & Canada),None,Cold Brew,1.0,Regular,"","Whole Milk, 16oz, Cold Foam, Salted Maple",$8.00,$0.00,$8.00,$0.62,wIATbBIIdByuXZjSoWtSa3dqmbUZY,BI6R912u7vouIHIEoCP5jyx2iwdZY,Square Terminal 2274,"",https://app.squareup.com/dashboard/sales/transactions/wIATbBIIdByuXZjSoWtSa3dqmbUZY/by-unit/LEKA54X3W66F5,Payment,Sunrise Social Club LLC,"","","","",ea,1,"",Physical Good,"",Sunrise Social Club LLC,AJEX3MBMC7CMJ6SCA7D4RJIK,Visa,1969
2026-06-06,10:14:43,Eastern Time (US & Canada),None,Lemonade,2.0,Regular,"","12oz, Blueberry",$8.00,$0.00,$8.00,$0.62,mlve3M5QBiMTlwOcUnOwAxLiPlRZY,rH3pdsF0JBK7vANJ6aS5WeFLpfdZY,Square Terminal 2274,"",https://app.squareup.com/dashboard/sales/transactions/mlve3M5QBiMTlwOcUnOwAxLiPlRZY/by-unit/LEKA54X3W66F5,Payment,Sunrise Social Club LLC,"",6WJWZ3PPKJTHS62MTJM951SFK8,"","",ea,2,"",Physical Good,"",Sunrise Social Club LLC,IDWYH4CCGT7SLETAX625SDWZ,Visa,5535
2026-06-06,10:14:43,Eastern Time (US & Canada),None,Cold Brew,1.0,Regular,"","Whole Milk, 12oz, Vanilla",$6.00,$0.00,$6.00,$0.46,mlve3M5QBiMTlwOcUnOwAxLiPlRZY,rH3pdsF0JBK7vANJ6aS5WeFLpfdZY,Square Terminal 2274,"",https://app.squareup.com/dashboard/sales/transactions/mlve3M5QBiMTlwOcUnOwAxLiPlRZY/by-unit/LEKA54X3W66F5,Payment,Sunrise Social Club LLC,"",6WJWZ3PPKJTHS62MTJM951SFK8,"","",ea,1,"",Physical Good,"",Sunrise Social Club LLC,AJEX3MBMC7CMJ6SCA7D4RJIK,Visa,5535
2026-06-06,10:14:43,Eastern Time (US & Canada),None,Cold Brew,1.0,Regular,"","12oz, Cold Foam",$6.00,$0.00,$6.00,$0.47,mlve3M5QBiMTlwOcUnOwAxLiPlRZY,rH3pdsF0JBK7vANJ6aS5WeFLpfdZY,Square Terminal 2274,"",https://app.squareup.com/dashboard/sales/transactions/mlve3M5QBiMTlwOcUnOwAxLiPlRZY/by-unit/LEKA54X3W66F5,Payment,Sunrise Social Club LLC,"",6WJWZ3PPKJTHS62MTJM951SFK8,"","",ea,1,"",Physical Good,"",Sunrise Social Club LLC,AJEX3MBMC7CMJ6SCA7D4RJIK,Visa,5535
2026-06-06,10:14:43,Eastern Time (US & Canada),None,Lemonade,1.0,Regular,"","12oz, Strawberry",$4.00,$0.00,$4.00,$0.31,mlve3M5QBiMTlwOcUnOwAxLiPlRZY,rH3pdsF0JBK7vANJ6aS5WeFLpfdZY,Square Terminal 2274,"",https://app.squareup.com/dashboard/sales/transactions/mlve3M5QBiMTlwOcUnOwAxLiPlRZY/by-unit/LEKA54X3W66F5,Payment,Sunrise Social Club LLC,"",6WJWZ3PPKJTHS62MTJM951SFK8,"","",ea,1,"",Physical Good,"",Sunrise Social Club LLC,IDWYH4CCGT7SLETAX625SDWZ,Visa,5535
2026-06-06,10:11:24,Eastern Time (US & Canada),None,Aaron,1.0,Regular,"",12oz,$4.00,$0.00,$4.00,$0.31,AMK7m0az2RrLDB8PUd6S4n9A3sHZY,pEg4QxPPLP8vWoBWA9K0SDgt39DZY,Square Terminal 2274,Strawberry + Blueberry + Lemonade,https://app.squareup.com/dashboard/sales/transactions/AMK7m0az2RrLDB8PUd6S4n9A3sHZY/by-unit/LEKA54X3W66F5,Payment,Sunrise Social Club LLC,"","","","",ea,1,"",Physical Good,"",Sunrise Social Club LLC,4HDUEPNSDM7WGJ2IU4EPLHP4,Discover,9805
2026-06-06,10:10:12,Eastern Time (US & Canada),None,Cold Brew,1.0,Regular,"","Oat Milk, 12oz, Cold Foam, Cinn Roll",$7.00,$0.00,$7.00,$0.54,2dryYOCh4uRe91EWRU9PHGmIqiaZY,ByN8bf7YERKfsygqhx2aFCt6GWcZY,Square Terminal 2274,"",https://app.squareup.com/dashboard/sales/transactions/2dryYOCh4uRe91EWRU9PHGmIqiaZY/by-unit/LEKA54X3W66F5,Payment,Sunrise Social Club LLC,"","","","",ea,1,"",Physical Good,"",Sunrise Social Club LLC,AJEX3MBMC7CMJ6SCA7D4RJIK,"",""
2026-06-06,10:08:53,Eastern Time (US & Canada),None,Cold Brew,1.0,Regular,"","16oz, Blueberry",$7.00,$0.00,$7.00,$0.54,AoY3WBO4lFVnwQ4BirQcr6SA5JQZY,1Axf6f18l0Pnwv0kfXm0EqbYRJVZY,Square Terminal 2274,"",https://app.squareup.com/dashboard/sales/transactions/AoY3WBO4lFVnwQ4BirQcr6SA5JQZY/by-unit/LEKA54X3W66F5,Payment,Sunrise Social Club LLC,"","","","",ea,1,"",Physical Good,"",Sunrise Social Club LLC,AJEX3MBMC7CMJ6SCA7D4RJIK,Visa,6929
2026-06-06,10:08:53,Eastern Time (US & Canada),None,sticker,1.0,Regular,"","",$2.00,$0.00,$2.00,$0.14,AoY3WBO4lFVnwQ4BirQcr6SA5JQZY,1Axf6f18l0Pnwv0kfXm0EqbYRJVZY,Square Terminal 2274,"",https://app.squareup.com/dashboard/sales/transactions/AoY3WBO4lFVnwQ4BirQcr6SA5JQZY/by-unit/LEKA54X3W66F5,Payment,Sunrise Social Club LLC,"","","","",ea,1,"",Physical Good,"",Sunrise Social Club LLC,WIKDKPJ6J74CB44HCJ6NMKSX,Visa,6929
2026-06-06,10:07:39,Eastern Time (US & Canada),None,Lemonade,2.0,Regular,"",16oz,$8.00,$0.00,$8.00,$0.62,4ibvlDf0km98RTq2f3fu0a7nQCBZY,xSLZhwCDBOxjTPLjqYgzWboJyZRZY,Square Terminal 2274,"",https://app.squareup.com/dashboard/sales/transactions/4ibvlDf0km98RTq2f3fu0a7nQCBZY/by-unit/LEKA54X3W66F5,Payment,Sunrise Social Club LLC,"",TGTV6AA4GYBP59Y58KD0FSGDGC,"","",ea,2,"",Physical Good,"",Sunrise Social Club LLC,IDWYH4CCGT7SLETAX625SDWZ,Visa,5822
2026-06-06,10:06:47,Eastern Time (US & Canada),None,Ashlen,1.0,Regular,"",16oz,$8.00,$0.00,$8.00,$0.62,WPAOfNo3BKNMeIAVRfHsemPsl5FZY,fJT53q8gukHAsHJyPXW7d7eVffLZY,Square Terminal 2274,Lemonade + Matcha + Strawberry,https://app.squareup.com/dashboard/sales/transactions/WPAOfNo3BKNMeIAVRfHsemPsl5FZY/by-unit/LEKA54X3W66F5,Payment,Sunrise Social Club LLC,"","","","",ea,1,"",Physical Good,"",Sunrise Social Club LLC,MOZ4HMBYCXPZW3OACLR5LSLG,Visa,1496
2026-06-06,10:06:03,Eastern Time (US & Canada),None,Lemonade,1.0,Regular,"",16oz,$4.00,$0.00,$4.00,$0.31,w0GLdAl7I4j9pYens5lM1JeltKTZY,z5we9X1STOEg2J9u8PaFNUYCdvLZY,Square Terminal 2274,"",https://app.squareup.com/dashboard/sales/transactions/w0GLdAl7I4j9pYens5lM1JeltKTZY/by-unit/LEKA54X3W66F5,Payment,Sunrise Social Club LLC,"",GTDHHH0AG4Z1Y8QRCCFPC9NMBR,"","",ea,1,"",Physical Good,"",Sunrise Social Club LLC,IDWYH4CCGT7SLETAX625SDWZ,Visa,3002
2026-06-06,10:05:32,Eastern Time (US & Canada),None,Lemonade,1.0,Regular,"",16oz,$4.00,$0.00,$4.00,$0.31,MMZAkeR2HwGOOlGjWKTvdVvcBhDZY,zDNSNPuY2vJY8k3AL4v0vMUL6qHZY,Square Terminal 2274,"",https://app.squareup.com/dashboard/sales/transactions/MMZAkeR2HwGOOlGjWKTvdVvcBhDZY/by-unit/LEKA54X3W66F5,Payment,Sunrise Social Club LLC,"",B9WX7HEDJ63H6Z8H5QEDT9B5HC,"","",ea,1,"",Physical Good,"",Sunrise Social Club LLC,IDWYH4CCGT7SLETAX625SDWZ,Visa,0985
2026-06-06,10:05:32,Eastern Time (US & Canada),None,Cold Brew,1.0,Regular,"","Whole Milk, 16oz, Cold Foam, Cinn Roll",$8.00,$0.00,$8.00,$0.62,MMZAkeR2HwGOOlGjWKTvdVvcBhDZY,zDNSNPuY2vJY8k3AL4v0vMUL6qHZY,Square Terminal 2274,"",https://app.squareup.com/dashboard/sales/transactions/MMZAkeR2HwGOOlGjWKTvdVvcBhDZY/by-unit/LEKA54X3W66F5,Payment,Sunrise Social Club LLC,"",B9WX7HEDJ63H6Z8H5QEDT9B5HC,"","",ea,1,"",Physical Good,"",Sunrise Social Club LLC,AJEX3MBMC7CMJ6SCA7D4RJIK,Visa,0985
2026-06-06,10:03:35,Eastern Time (US & Canada),None,Cold Brew,1.0,Regular,"",16oz,$6.00,$0.00,$6.00,$0.47,AMEkelUQfVLKBnMU5OzgwysOwtBZY,XnyKObSQCPGgablnGLmEBLB4ZOZZY,Square Terminal 2274,"",https://app.squareup.com/dashboard/sales/transactions/AMEkelUQfVLKBnMU5OzgwysOwtBZY/by-unit/LEKA54X3W66F5,Payment,Sunrise Social Club LLC,"","","","",ea,1,"",Physical Good,"",Sunrise Social Club LLC,AJEX3MBMC7CMJ6SCA7D4RJIK,Visa,9408
2026-06-06,10:03:35,Eastern Time (US & Canada),None,Ashlen,1.0,Regular,"",12oz,$7.00,$0.00,$7.00,$0.54,AMEkelUQfVLKBnMU5OzgwysOwtBZY,XnyKObSQCPGgablnGLmEBLB4ZOZZY,Square Terminal 2274,Lemonade + Matcha + Strawberry,https://app.squareup.com/dashboard/sales/transactions/AMEkelUQfVLKBnMU5OzgwysOwtBZY/by-unit/LEKA54X3W66F5,Payment,Sunrise Social Club LLC,"","","","",ea,1,"",Physical Good,"",Sunrise Social Club LLC,MOZ4HMBYCXPZW3OACLR5LSLG,Visa,9408
2026-06-06,10:02:00,Eastern Time (US & Canada),None,Lemonade,1.0,Regular,"","12oz, Strawberry",$4.00,$0.00,$4.00,$0.31,KR2zPg5rThZMGxsQ53wUZesU4QQZY,RGPW9dhvZ9Gei9ZprY4dqnKcSvPZY,Square Terminal 2274,"",https://app.squareup.com/dashboard/sales/transactions/KR2zPg5rThZMGxsQ53wUZesU4QQZY/by-unit/LEKA54X3W66F5,Payment,Sunrise Social Club LLC,"","","","",ea,1,"",Physical Good,"",Sunrise Social Club LLC,IDWYH4CCGT7SLETAX625SDWZ,Visa,6897
2026-06-06,10:02:00,Eastern Time (US & Canada),None,Cold Brew,1.0,Regular,"","16oz, Cold Foam, Cinn Roll",$8.00,$0.00,$8.00,$0.62,KR2zPg5rThZMGxsQ53wUZesU4QQZY,RGPW9dhvZ9Gei9ZprY4dqnKcSvPZY,Square Terminal 2274,"",https://app.squareup.com/dashboard/sales/transactions/KR2zPg5rThZMGxsQ53wUZesU4QQZY/by-unit/LEKA54X3W66F5,Payment,Sunrise Social Club LLC,"","","","",ea,1,"",Physical Good,"",Sunrise Social Club LLC,AJEX3MBMC7CMJ6SCA7D4RJIK,Visa,6897
2026-06-06,09:57:23,Eastern Time (US & Canada),None,Ashlen,1.0,Regular,"",16oz,$8.00,$0.00,$8.00,$0.62,ggKINq7oxumq8Q5brCxyQDzTt4IZY,5gsz3EYMvjej2yHltm4fjLVkDzLZY,Square Terminal 2274,Lemonade + Matcha + Strawberry,https://app.squareup.com/dashboard/sales/transactions/ggKINq7oxumq8Q5brCxyQDzTt4IZY/by-unit/LEKA54X3W66F5,Payment,Sunrise Social Club LLC,"",JHEAA7AXAZDWMJJRQCW368D60G,"","",ea,1,"",Physical Good,"",Sunrise Social Club LLC,MOZ4HMBYCXPZW3OACLR5LSLG,Visa,8505
2026-06-06,09:57:23,Eastern Time (US & Canada),None,Lemonade,1.0,Regular,"","16oz, Strawberry",$5.00,$0.00,$5.00,$0.39,ggKINq7oxumq8Q5brCxyQDzTt4IZY,5gsz3EYMvjej2yHltm4fjLVkDzLZY,Square Terminal 2274,"",https://app.squareup.com/dashboard/sales/transactions/ggKINq7oxumq8Q5brCxyQDzTt4IZY/by-unit/LEKA54X3W66F5,Payment,Sunrise Social Club LLC,"",JHEAA7AXAZDWMJJRQCW368D60G,"","",ea,1,"",Physical Good,"",Sunrise Social Club LLC,IDWYH4CCGT7SLETAX625SDWZ,Visa,8505
2026-06-06,09:55:23,Eastern Time (US & Canada),None,Lemonade,1.0,Regular,"","16oz, Strawberry",$5.00,$0.00,$5.00,$0.39,6hIWNf8nrME5RDn6TCVya1v3mZXZY,5EA2cmqumw6u74V5kP6y66glXEJZY,Square Terminal 2274,"",https://app.squareup.com/dashboard/sales/transactions/6hIWNf8nrME5RDn6TCVya1v3mZXZY/by-unit/LEKA54X3W66F5,Payment,Sunrise Social Club LLC,"","","","",ea,1,"",Physical Good,"",Sunrise Social Club LLC,IDWYH4CCGT7SLETAX625SDWZ,Visa,1595
2026-06-06,09:54:20,Eastern Time (US & Canada),None,Matcha Latte,1.0,"","","16oz, Whole Milk, Cold Foam, Cinn Roll",$9.00,$0.00,$9.00,$0.70,aBu9NPgeDLsvxUnhQQpRhLI0TXMZY,LN2ty2QA6FDC7yqR6khChuqFZ3JZY,Square Terminal 2274,"",https://app.squareup.com/dashboard/sales/transactions/aBu9NPgeDLsvxUnhQQpRhLI0TXMZY/by-unit/LEKA54X3W66F5,Payment,Sunrise Social Club LLC,"","","","",ea,1,"",Physical Good,"",Sunrise Social Club LLC,Y36H4C6V4YFFYACS3RIEFARY,Discover,0484
2026-06-06,09:53:24,Eastern Time (US & Canada),None,Ashlen,1.0,Regular,"",16oz,$8.00,$0.00,$8.00,$0.62,SPXtbUhWoFle1TYOO1Rk5XiUsnMZY,xgqn816407vPpVYHFeYDTQksfoUZY,Square Terminal 2274,Lemonade + Matcha + Strawberry,https://app.squareup.com/dashboard/sales/transactions/SPXtbUhWoFle1TYOO1Rk5XiUsnMZY/by-unit/LEKA54X3W66F5,Payment,Sunrise Social Club LLC,"",NHYGZ1PF54EVK8HQY0YPV8ACZ0,"","",ea,1,"",Physical Good,"",Sunrise Social Club LLC,MOZ4HMBYCXPZW3OACLR5LSLG,Visa,9467
2026-06-06,09:53:24,Eastern Time (US & Canada),None,Cold Brew,1.0,Regular,"","12oz, Vanilla",$6.00,$0.00,$6.00,$0.46,SPXtbUhWoFle1TYOO1Rk5XiUsnMZY,xgqn816407vPpVYHFeYDTQksfoUZY,Square Terminal 2274,"",https://app.squareup.com/dashboard/sales/transactions/SPXtbUhWoFle1TYOO1Rk5XiUsnMZY/by-unit/LEKA54X3W66F5,Payment,Sunrise Social Club LLC,"",NHYGZ1PF54EVK8HQY0YPV8ACZ0,"","",ea,1,"",Physical Good,"",Sunrise Social Club LLC,AJEX3MBMC7CMJ6SCA7D4RJIK,Visa,9467
2026-06-06,09:51:27,Eastern Time (US & Canada),None,Matcha Latte,1.0,"","","16oz, Cold Foam, Salted Maple",$9.00,$0.00,$9.00,$0.70,8qiXo1KF0S3q4HiH2IKCTjyND18YY,7tONLZuKqZPMiHEcXUl36Ps4mpQZY,Square Terminal 2274,"",https://app.squareup.com/dashboard/sales/transactions/8qiXo1KF0S3q4HiH2IKCTjyND18YY/by-unit/LEKA54X3W66F5,Payment,Sunrise Social Club LLC,"","","","",ea,1,"",Physical Good,"",Sunrise Social Club LLC,Y36H4C6V4YFFYACS3RIEFARY,American Express,2007
2026-06-06,09:51:27,Eastern Time (US & Canada),None,Matcha Latte,1.0,"","","16oz, Cold Foam, Cinn Roll",$9.00,$0.00,$9.00,$0.70,8qiXo1KF0S3q4HiH2IKCTjyND18YY,7tONLZuKqZPMiHEcXUl36Ps4mpQZY,Square Terminal 2274,"",https://app.squareup.com/dashboard/sales/transactions/8qiXo1KF0S3q4HiH2IKCTjyND18YY/by-unit/LEKA54X3W66F5,Payment,Sunrise Social Club LLC,"","","","",ea,1,"",Physical Good,"",Sunrise Social Club LLC,Y36H4C6V4YFFYACS3RIEFARY,American Express,2007
2026-06-06,09:48:33,Eastern Time (US & Canada),None,Matcha Latte,1.0,"","","16oz, Oat Milk, Strawberry",$8.00,$0.00,$8.00,$0.62,eL0WPAp4fHuHNvMF4c2yYze1SzLZY,tUdhRkqXAdzdGbDW6418LyyoY7XZY,Square Terminal 2274,"",https://app.squareup.com/dashboard/sales/transactions/eL0WPAp4fHuHNvMF4c2yYze1SzLZY/by-unit/LEKA54X3W66F5,Payment,Sunrise Social Club LLC,"",TNRTFK2NVEVER6DR1C5VV99C4W,"","",ea,1,"",Physical Good,"",Sunrise Social Club LLC,Y36H4C6V4YFFYACS3RIEFARY,Visa,5831
2026-06-06,09:48:33,Eastern Time (US & Canada),None,Matcha Latte,1.0,"","","12oz, Cinn Roll",$7.00,$0.00,$7.00,$0.54,eL0WPAp4fHuHNvMF4c2yYze1SzLZY,tUdhRkqXAdzdGbDW6418LyyoY7XZY,Square Terminal 2274,"",https://app.squareup.com/dashboard/sales/transactions/eL0WPAp4fHuHNvMF4c2yYze1SzLZY/by-unit/LEKA54X3W66F5,Payment,Sunrise Social Club LLC,"",TNRTFK2NVEVER6DR1C5VV99C4W,"","",ea,1,"",Physical Good,"",Sunrise Social Club LLC,Y36H4C6V4YFFYACS3RIEFARY,Visa,5831
2026-06-06,09:43:05,Eastern Time (US & Canada),None,Matcha Latte,1.0,"","","16oz, Whole Milk, Strawberry",$8.00,$0.00,$8.00,$0.62,Em671OXZTqUIyBd9fdhSctI6ZdMZY,HbQQ7UusbA2GAz2HwasPyO3vPvMZY,Square Terminal 2274,"",https://app.squareup.com/dashboard/sales/transactions/Em671OXZTqUIyBd9fdhSctI6ZdMZY/by-unit/LEKA54X3W66F5,Payment,Sunrise Social Club LLC,"","","","",ea,1,"",Physical Good,"",Sunrise Social Club LLC,Y36H4C6V4YFFYACS3RIEFARY,Visa,0805
2026-06-06,09:43:05,Eastern Time (US & Canada),None,Cold Brew,2.0,Regular,"","Oat Milk, 16oz, Cold Foam, Salted Maple",$16.00,$0.00,$16.00,$1.24,Em671OXZTqUIyBd9fdhSctI6ZdMZY,HbQQ7UusbA2GAz2HwasPyO3vPvMZY,Square Terminal 2274,"",https://app.squareup.com/dashboard/sales/transactions/Em671OXZTqUIyBd9fdhSctI6ZdMZY/by-unit/LEKA54X3W66F5,Payment,Sunrise Social Club LLC,"","","","",ea,2,"",Physical Good,"",Sunrise Social Club LLC,AJEX3MBMC7CMJ6SCA7D4RJIK,Visa,0805
2026-06-06,09:41:03,Eastern Time (US & Canada),None,Matcha Latte,1.0,"","","12oz, Oat Milk, Cold Foam, Blueberry",$8.00,$0.00,$8.00,$0.62,KZss3kvMhX1HaI88ou108NcxWkVZY,9EBt3SIofYDpLTIPlD8BkgxokSOZY,Square Terminal 2274,"",https://app.squareup.com/dashboard/sales/transactions/KZss3kvMhX1HaI88ou108NcxWkVZY/by-unit/LEKA54X3W66F5,Payment,Sunrise Social Club LLC,"","","","",ea,1,"",Physical Good,"",Sunrise Social Club LLC,Y36H4C6V4YFFYACS3RIEFARY,Visa,8982
2026-06-06,09:39:35,Eastern Time (US & Canada),None,Matcha Latte,2.0,"","","16oz, Cold Foam, Vanilla",$18.00,$0.00,$18.00,$1.40,UM5j3PZLkuqQBnpOegdfdHV71ZQZY,1eENOYytA3gtpPgEnhvLBu5Nj9CZY,Square Terminal 2274,"",https://app.squareup.com/dashboard/sales/transactions/UM5j3PZLkuqQBnpOegdfdHV71ZQZY/by-unit/LEKA54X3W66F5,Payment,Sunrise Social Club LLC,"","","","",ea,2,"",Physical Good,"",Sunrise Social Club LLC,Y36H4C6V4YFFYACS3RIEFARY,Discover,0484
2026-06-06,09:36:59,Eastern Time (US & Canada),None,Cold Brew,1.0,Regular,"","Oat Milk, 16oz, Cold Foam, Salted Maple",$8.00,$0.00,$8.00,$0.62,YGtHZqTyh16VjHNhWjws4Av0ceXZY,RKHfkTCkGuFjkfMiJjtL2mu7uqLZY,Square Terminal 2274,"",https://app.squareup.com/dashboard/sales/transactions/YGtHZqTyh16VjHNhWjws4Av0ceXZY/by-unit/LEKA54X3W66F5,Payment,Sunrise Social Club LLC,"","","","",ea,1,"",Physical Good,"",Sunrise Social Club LLC,AJEX3MBMC7CMJ6SCA7D4RJIK,Visa,4887
2026-06-06,09:35:50,Eastern Time (US & Canada),None,Cold Brew,1.0,Regular,"","Oat Milk, 16oz, Cold Foam, Salted Maple",$8.00,$0.00,$8.00,$0.62,4ivZzcmhipT7EeIlYIJ1wFRrYaaZY,PZBiZrh5MNMyxSnz6GnPCq0AHMYZY,Square Terminal 2274,"",https://app.squareup.com/dashboard/sales/transactions/4ivZzcmhipT7EeIlYIJ1wFRrYaaZY/by-unit/LEKA54X3W66F5,Payment,Sunrise Social Club LLC,"","","","",ea,1,"",Physical Good,"",Sunrise Social Club LLC,AJEX3MBMC7CMJ6SCA7D4RJIK,Visa,9450
2026-06-06,09:35:50,Eastern Time (US & Canada),None,Matcha Latte,1.0,"","","12oz, Strawberry",$7.00,$0.00,$7.00,$0.54,4ivZzcmhipT7EeIlYIJ1wFRrYaaZY,PZBiZrh5MNMyxSnz6GnPCq0AHMYZY,Square Terminal 2274,"",https://app.squareup.com/dashboard/sales/transactions/4ivZzcmhipT7EeIlYIJ1wFRrYaaZY/by-unit/LEKA54X3W66F5,Payment,Sunrise Social Club LLC,"","","","",ea,1,"",Physical Good,"",Sunrise Social Club LLC,Y36H4C6V4YFFYACS3RIEFARY,Visa,9450
2026-06-06,09:34:06,Eastern Time (US & Canada),None,Cold Brew,1.0,Regular,"",16oz,$6.00,$0.00,$6.00,$0.46,SZMBVahjrgtd9yC17TqfSiqqsWBZY,X5bklGhODKiELClXHbPOoGIpcLbZY,Square Terminal 2274,"",https://app.squareup.com/dashboard/sales/transactions/SZMBVahjrgtd9yC17TqfSiqqsWBZY/by-unit/LEKA54X3W66F5,Payment,Sunrise Social Club LLC,"",X7Q6W4XANA5CCX180Q8V6V5XS4,"","",ea,1,"",Physical Good,"",Sunrise Social Club LLC,AJEX3MBMC7CMJ6SCA7D4RJIK,American Express,2008
2026-06-06,09:34:06,Eastern Time (US & Canada),None,Lemonade,1.0,Regular,"","16oz, Strawberry",$5.00,$0.00,$5.00,$0.39,SZMBVahjrgtd9yC17TqfSiqqsWBZY,X5bklGhODKiELClXHbPOoGIpcLbZY,Square Terminal 2274,"",https://app.squareup.com/dashboard/sales/transactions/SZMBVahjrgtd9yC17TqfSiqqsWBZY/by-unit/LEKA54X3W66F5,Payment,Sunrise Social Club LLC,"",X7Q6W4XANA5CCX180Q8V6V5XS4,"","",ea,1,"",Physical Good,"",Sunrise Social Club LLC,IDWYH4CCGT7SLETAX625SDWZ,American Express,2008
2026-06-06,09:32:00,Eastern Time (US & Canada),None,Ashlen,1.0,Regular,"",16oz,$8.00,$0.00,$8.00,$0.62,ca8MSeTSpseeuTkFpYV4hc9XYIAZY,ntDbyBxLSuJpb2noT0QVC8MlHVQZY,Square Terminal 2274,Lemonade + Matcha + Strawberry,https://app.squareup.com/dashboard/sales/transactions/ca8MSeTSpseeuTkFpYV4hc9XYIAZY/by-unit/LEKA54X3W66F5,Payment,Sunrise Social Club LLC,"","","","",ea,1,"",Physical Good,"",Sunrise Social Club LLC,MOZ4HMBYCXPZW3OACLR5LSLG,Visa,2733
2026-06-06,09:32:00,Eastern Time (US & Canada),None,Ashlen,1.0,Regular,"",12oz,$7.00,$0.00,$7.00,$0.54,ca8MSeTSpseeuTkFpYV4hc9XYIAZY,ntDbyBxLSuJpb2noT0QVC8MlHVQZY,Square Terminal 2274,Lemonade + Matcha + Strawberry,https://app.squareup.com/dashboard/sales/transactions/ca8MSeTSpseeuTkFpYV4hc9XYIAZY/by-unit/LEKA54X3W66F5,Payment,Sunrise Social Club LLC,"","","","",ea,1,"",Physical Good,"",Sunrise Social Club LLC,MOZ4HMBYCXPZW3OACLR5LSLG,Visa,2733
2026-06-06,09:30:23,Eastern Time (US & Canada),None,Matcha Latte,1.0,"","","16oz, Whole Milk, Cold Foam, Salted Maple",$9.00,$0.00,$9.00,$0.70,EG0WIU47Twa6jePNKrkTe1PBlmJZY,hoGTHQTbUPk7R3a2MBfd5pSUUVZZY,Square Terminal 2274,"",https://app.squareup.com/dashboard/sales/transactions/EG0WIU47Twa6jePNKrkTe1PBlmJZY/by-unit/LEKA54X3W66F5,Payment,Sunrise Social Club LLC,"","","","",ea,1,"",Physical Good,"",Sunrise Social Club LLC,Y36H4C6V4YFFYACS3RIEFARY,MasterCard,3042
2026-06-06,09:30:23,Eastern Time (US & Canada),None,Cold Brew,1.0,Regular,"","Whole Milk, 12oz, Cold Foam, Salted Maple",$7.00,$0.00,$7.00,$0.54,EG0WIU47Twa6jePNKrkTe1PBlmJZY,hoGTHQTbUPk7R3a2MBfd5pSUUVZZY,Square Terminal 2274,"",https://app.squareup.com/dashboard/sales/transactions/EG0WIU47Twa6jePNKrkTe1PBlmJZY/by-unit/LEKA54X3W66F5,Payment,Sunrise Social Club LLC,"","","","",ea,1,"",Physical Good,"",Sunrise Social Club LLC,AJEX3MBMC7CMJ6SCA7D4RJIK,MasterCard,3042
2026-06-06,09:28:37,Eastern Time (US & Canada),None,Matcha Latte,1.0,"","","16oz, Whole Milk, Cold Foam, Cinn Roll",$9.00,$0.00,$9.00,$0.70,UCCehrFbNKZWBwyA0vXUze8IA3CZY,v9bsw8uIABKfdJYbGsJRfw9FZyMZY,Square Terminal 2274,"",https://app.squareup.com/dashboard/sales/transactions/UCCehrFbNKZWBwyA0vXUze8IA3CZY/by-unit/LEKA54X3W66F5,Payment,Sunrise Social Club LLC,"",8PX42646KP17NNTBS57YDZ51S8,"","",ea,1,"",Physical Good,"",Sunrise Social Club LLC,Y36H4C6V4YFFYACS3RIEFARY,Visa,1581
2026-06-06,09:27:47,Eastern Time (US & Canada),None,Cold Brew,1.0,Regular,"","Whole Milk, 16oz, Cold Foam, Cinn Roll",$8.00,$0.00,$8.00,$0.62,4idWUTwgNgioHAw3ZyRy0x5grFQZY,LZ0XpayG6X9vN4OBxAez4JHqr4JZY,Square Terminal 2274,"",https://app.squareup.com/dashboard/sales/transactions/4idWUTwgNgioHAw3ZyRy0x5grFQZY/by-unit/LEKA54X3W66F5,Payment,Sunrise Social Club LLC,"",37AJ7NZS88N9NSAP5KNN7RZW04,"","",ea,1,"",Physical Good,"",Sunrise Social Club LLC,AJEX3MBMC7CMJ6SCA7D4RJIK,Visa,1994
2026-06-06,09:27:47,Eastern Time (US & Canada),None,Matcha Latte,1.0,"","","16oz, Whole Milk, Cold Foam, Salted Maple",$9.00,$0.00,$9.00,$0.70,4idWUTwgNgioHAw3ZyRy0x5grFQZY,LZ0XpayG6X9vN4OBxAez4JHqr4JZY,Square Terminal 2274,"",https://app.squareup.com/dashboard/sales/transactions/4idWUTwgNgioHAw3ZyRy0x5grFQZY/by-unit/LEKA54X3W66F5,Payment,Sunrise Social Club LLC,"",37AJ7NZS88N9NSAP5KNN7RZW04,"","",ea,1,"",Physical Good,"",Sunrise Social Club LLC,Y36H4C6V4YFFYACS3RIEFARY,Visa,1994
2026-06-06,09:27:47,Eastern Time (US & Canada),None,sticker,1.0,Regular,"","",$2.00,$0.00,$2.00,$0.13,4idWUTwgNgioHAw3ZyRy0x5grFQZY,LZ0XpayG6X9vN4OBxAez4JHqr4JZY,Square Terminal 2274,"",https://app.squareup.com/dashboard/sales/transactions/4idWUTwgNgioHAw3ZyRy0x5grFQZY/by-unit/LEKA54X3W66F5,Payment,Sunrise Social Club LLC,"",37AJ7NZS88N9NSAP5KNN7RZW04,"","",ea,1,"",Physical Good,"",Sunrise Social Club LLC,WIKDKPJ6J74CB44HCJ6NMKSX,Visa,1994
2026-06-06,09:25:21,Eastern Time (US & Canada),None,Lemonade,1.0,Regular,"","16oz, Blueberry",$5.00,$0.00,$5.00,$0.39,YOhxsvl5h77lTzTPR2trt1ZinQMZY,J8QkLf8BvAWLh5QvXkGukV9iEIOZY,Square Terminal 2274,"",https://app.squareup.com/dashboard/sales/transactions/YOhxsvl5h77lTzTPR2trt1ZinQMZY/by-unit/LEKA54X3W66F5,Payment,Sunrise Social Club LLC,"","","","",ea,1,"",Physical Good,"",Sunrise Social Club LLC,IDWYH4CCGT7SLETAX625SDWZ,Visa,2112
2026-06-06,09:25:21,Eastern Time (US & Canada),None,Matcha Latte,1.0,"","","16oz, Lemonade, Cold Foam, Strawberry",$9.00,$0.00,$9.00,$0.69,YOhxsvl5h77lTzTPR2trt1ZinQMZY,J8QkLf8BvAWLh5QvXkGukV9iEIOZY,Square Terminal 2274,"",https://app.squareup.com/dashboard/sales/transactions/YOhxsvl5h77lTzTPR2trt1ZinQMZY/by-unit/LEKA54X3W66F5,Payment,Sunrise Social Club LLC,"","","","",ea,1,"",Physical Good,"",Sunrise Social Club LLC,Y36H4C6V4YFFYACS3RIEFARY,Visa,2112
2026-06-06,09:22:34,Eastern Time (US & Canada),None,Matcha Latte,1.0,"","","12oz, Lemonade, Cold Foam",$7.00,$0.00,$7.00,$0.54,cKGJCjQ6fohi797P0c61qEWw2IRZY,nZLkyjsQ6PMRBA1IoRi3DK9HEyBZY,Square Terminal 2274,"",https://app.squareup.com/dashboard/sales/transactions/cKGJCjQ6fohi797P0c61qEWw2IRZY/by-unit/LEKA54X3W66F5,Payment,Sunrise Social Club LLC,"","","","",ea,1,"",Physical Good,"",Sunrise Social Club LLC,Y36H4C6V4YFFYACS3RIEFARY,MasterCard,3246
2026-06-06,09:22:34,Eastern Time (US & Canada),None,Cold Brew,1.0,Regular,"","16oz, Cold Foam, Cinn Roll",$8.00,$0.00,$8.00,$0.62,cKGJCjQ6fohi797P0c61qEWw2IRZY,nZLkyjsQ6PMRBA1IoRi3DK9HEyBZY,Square Terminal 2274,"",https://app.squareup.com/dashboard/sales/transactions/cKGJCjQ6fohi797P0c61qEWw2IRZY/by-unit/LEKA54X3W66F5,Payment,Sunrise Social Club LLC,"","","","",ea,1,"",Physical Good,"",Sunrise Social Club LLC,AJEX3MBMC7CMJ6SCA7D4RJIK,MasterCard,3246
2026-06-06,09:22:34,Eastern Time (US & Canada),None,Matcha Latte,1.0,"","","16oz, Oat Milk, Cold Foam, Salted Maple",$9.00,$0.00,$9.00,$0.70,cKGJCjQ6fohi797P0c61qEWw2IRZY,nZLkyjsQ6PMRBA1IoRi3DK9HEyBZY,Square Terminal 2274,"",https://app.squareup.com/dashboard/sales/transactions/cKGJCjQ6fohi797P0c61qEWw2IRZY/by-unit/LEKA54X3W66F5,Payment,Sunrise Social Club LLC,"","","","",ea,1,"",Physical Good,"",Sunrise Social Club LLC,Y36H4C6V4YFFYACS3RIEFARY,MasterCard,3246
2026-06-06,09:20:00,Eastern Time (US & Canada),None,Matcha Latte,2.0,"","","16oz, Oat Milk, Blueberry",$16.00,$0.00,$16.00,$1.24,kaK0qqFBwQ7EdM5Qxb400o9dQKCZY,rj1F34DJW3jYDZXLd2qtjU6v3NPZY,Square Terminal 2274,"",https://app.squareup.com/dashboard/sales/transactions/kaK0qqFBwQ7EdM5Qxb400o9dQKCZY/by-unit/LEKA54X3W66F5,Payment,Sunrise Social Club LLC,"","","","",ea,2,"",Physical Good,"",Sunrise Social Club LLC,Y36H4C6V4YFFYACS3RIEFARY,MasterCard,1967
2026-06-06,09:20:00,Eastern Time (US & Canada),None,Matcha Latte,1.0,"","","16oz, Oat Milk, No Syrup",$7.00,$0.00,$7.00,$0.54,kaK0qqFBwQ7EdM5Qxb400o9dQKCZY,rj1F34DJW3jYDZXLd2qtjU6v3NPZY,Square Terminal 2274,"",https://app.squareup.com/dashboard/sales/transactions/kaK0qqFBwQ7EdM5Qxb400o9dQKCZY/by-unit/LEKA54X3W66F5,Payment,Sunrise Social Club LLC,"","","","",ea,1,"",Physical Good,"",Sunrise Social Club LLC,Y36H4C6V4YFFYACS3RIEFARY,MasterCard,1967
2026-06-06,09:20:00,Eastern Time (US & Canada),None,Matcha Latte,1.0,"","","16oz, Oat Milk, Strawberry",$8.00,$0.00,$8.00,$0.62,kaK0qqFBwQ7EdM5Qxb400o9dQKCZY,rj1F34DJW3jYDZXLd2qtjU6v3NPZY,Square Terminal 2274,"",https://app.squareup.com/dashboard/sales/transactions/kaK0qqFBwQ7EdM5Qxb400o9dQKCZY/by-unit/LEKA54X3W66F5,Payment,Sunrise Social Club LLC,"","","","",ea,1,"",Physical Good,"",Sunrise Social Club LLC,Y36H4C6V4YFFYACS3RIEFARY,MasterCard,1967
2026-06-06,09:15:14,Eastern Time (US & Canada),None,Cold Brew,1.0,Regular,"","Whole Milk, 12oz, Cold Foam, Cinn Roll",$7.00,$0.00,$7.00,$0.54,c2EX9o1NaqIfCfquF3abcdMYXCHZY,xYESEGq36WhRETrklj2WvVbS1WPZY,Square Terminal 2274,"",https://app.squareup.com/dashboard/sales/transactions/c2EX9o1NaqIfCfquF3abcdMYXCHZY/by-unit/LEKA54X3W66F5,Payment,Sunrise Social Club LLC,"","","","",ea,1,"",Physical Good,"",Sunrise Social Club LLC,AJEX3MBMC7CMJ6SCA7D4RJIK,Visa,8729
2026-06-06,09:15:14,Eastern Time (US & Canada),None,Cold Brew,1.0,Regular,"","16oz, Cold Foam, Salted Maple",$8.00,$0.00,$8.00,$0.62,c2EX9o1NaqIfCfquF3abcdMYXCHZY,xYESEGq36WhRETrklj2WvVbS1WPZY,Square Terminal 2274,"",https://app.squareup.com/dashboard/sales/transactions/c2EX9o1NaqIfCfquF3abcdMYXCHZY/by-unit/LEKA54X3W66F5,Payment,Sunrise Social Club LLC,"","","","",ea,1,"",Physical Good,"",Sunrise Social Club LLC,AJEX3MBMC7CMJ6SCA7D4RJIK,Visa,8729
2026-06-06,09:15:14,Eastern Time (US & Canada),None,sticker,1.0,Regular,"","",$2.00,$0.00,$2.00,$0.14,c2EX9o1NaqIfCfquF3abcdMYXCHZY,xYESEGq36WhRETrklj2WvVbS1WPZY,Square Terminal 2274,"",https://app.squareup.com/dashboard/sales/transactions/c2EX9o1NaqIfCfquF3abcdMYXCHZY/by-unit/LEKA54X3W66F5,Payment,Sunrise Social Club LLC,"","","","",ea,1,"",Physical Good,"",Sunrise Social Club LLC,WIKDKPJ6J74CB44HCJ6NMKSX,Visa,8729
2026-06-06,09:15:14,Eastern Time (US & Canada),None,Cold Brew,1.0,Regular,"","Whole Milk, 16oz, Cold Foam, Cinn Roll",$8.00,$0.00,$8.00,$0.62,c2EX9o1NaqIfCfquF3abcdMYXCHZY,xYESEGq36WhRETrklj2WvVbS1WPZY,Square Terminal 2274,"",https://app.squareup.com/dashboard/sales/transactions/c2EX9o1NaqIfCfquF3abcdMYXCHZY/by-unit/LEKA54X3W66F5,Payment,Sunrise Social Club LLC,"","","","",ea,1,"",Physical Good,"",Sunrise Social Club LLC,AJEX3MBMC7CMJ6SCA7D4RJIK,Visa,8729
2026-06-06,09:15:14,Eastern Time (US & Canada),None,Lemonade,1.0,Regular,"","12oz, Blueberry",$4.00,$0.00,$4.00,$0.31,c2EX9o1NaqIfCfquF3abcdMYXCHZY,xYESEGq36WhRETrklj2WvVbS1WPZY,Square Terminal 2274,"",https://app.squareup.com/dashboard/sales/transactions/c2EX9o1NaqIfCfquF3abcdMYXCHZY/by-unit/LEKA54X3W66F5,Payment,Sunrise Social Club LLC,"","","","",ea,1,"",Physical Good,"",Sunrise Social Club LLC,IDWYH4CCGT7SLETAX625SDWZ,Visa,8729
2026-06-06,09:12:05,Eastern Time (US & Canada),None,sticker,1.0,Regular,"","",$2.00,$0.00,$2.00,$0.14,MmmydsM5e27xt4OESuN9meCtbr9YY,1yaHU6YNBlkT5MNUXNGvunbQ93JZY,Square Terminal 2274,"",https://app.squareup.com/dashboard/sales/transactions/MmmydsM5e27xt4OESuN9meCtbr9YY/by-unit/LEKA54X3W66F5,Payment,Sunrise Social Club LLC,"","","","",ea,1,"",Physical Good,"",Sunrise Social Club LLC,WIKDKPJ6J74CB44HCJ6NMKSX,Discover,4778
2026-06-06,09:12:05,Eastern Time (US & Canada),None,Cold Brew,1.0,Regular,"","Whole Milk, 16oz, Cold Foam, Cinn Roll",$8.00,$0.00,$8.00,$0.62,MmmydsM5e27xt4OESuN9meCtbr9YY,1yaHU6YNBlkT5MNUXNGvunbQ93JZY,Square Terminal 2274,"",https://app.squareup.com/dashboard/sales/transactions/MmmydsM5e27xt4OESuN9meCtbr9YY/by-unit/LEKA54X3W66F5,Payment,Sunrise Social Club LLC,"","","","",ea,1,"",Physical Good,"",Sunrise Social Club LLC,AJEX3MBMC7CMJ6SCA7D4RJIK,Discover,4778
2026-06-06,09:11:04,Eastern Time (US & Canada),None,Matcha Latte,1.0,"","","16oz, Whole Milk, Cold Foam, Cinn Roll",$9.00,$0.00,$9.00,$0.70,u7oI4uMNYO7a2L1gmeaIYFVM43AZY,rV8g3piONhiingdN7dgIguMqFWaZY,Square Terminal 2274,"",https://app.squareup.com/dashboard/sales/transactions/u7oI4uMNYO7a2L1gmeaIYFVM43AZY/by-unit/LEKA54X3W66F5,Payment,Sunrise Social Club LLC,"","","","",ea,1,"",Physical Good,"",Sunrise Social Club LLC,Y36H4C6V4YFFYACS3RIEFARY,MasterCard,3441
2026-06-06,09:11:04,Eastern Time (US & Canada),None,sticker,1.0,Regular,"","",$2.00,$0.00,$2.00,$0.13,u7oI4uMNYO7a2L1gmeaIYFVM43AZY,rV8g3piONhiingdN7dgIguMqFWaZY,Square Terminal 2274,"",https://app.squareup.com/dashboard/sales/transactions/u7oI4uMNYO7a2L1gmeaIYFVM43AZY/by-unit/LEKA54X3W66F5,Payment,Sunrise Social Club LLC,"","","","",ea,1,"",Physical Good,"",Sunrise Social Club LLC,WIKDKPJ6J74CB44HCJ6NMKSX,MasterCard,3441
2026-06-06,09:09:43,Eastern Time (US & Canada),None,Matcha Latte,1.0,"","","16oz, Whole Milk, Cold Foam, Blueberry",$9.00,$0.00,$9.00,$0.70,sC8sykRw64ZBjiQMQDnQ1XRZ45AZY,PVV7Cs9De1TEqsges4ZdNMhLdkGZY,Square Terminal 2274,"",https://app.squareup.com/dashboard/sales/transactions/sC8sykRw64ZBjiQMQDnQ1XRZ45AZY/by-unit/LEKA54X3W66F5,Payment,Sunrise Social Club LLC,"","","","",ea,1,"",Physical Good,"",Sunrise Social Club LLC,Y36H4C6V4YFFYACS3RIEFARY,Visa,7827
2026-06-06,09:08:31,Eastern Time (US & Canada),None,Cold Brew,1.0,Regular,"","Whole Milk, 16oz, Sprinkles!, Cinn Roll",$7.00,$0.00,$7.00,$0.54,4oSRRJ4xF4qQmAksWXIHBftgTTTZY,DPhBMbW2KIjjJr8oGEN7J2ZGUIcZY,Square Terminal 2274,"",https://app.squareup.com/dashboard/sales/transactions/4oSRRJ4xF4qQmAksWXIHBftgTTTZY/by-unit/LEKA54X3W66F5,Payment,Sunrise Social Club LLC,"","","","",ea,1,"",Physical Good,"",Sunrise Social Club LLC,AJEX3MBMC7CMJ6SCA7D4RJIK,Visa,8958
2026-06-06,09:08:31,Eastern Time (US & Canada),None,sticker,1.0,Regular,"","",$2.00,$0.00,$2.00,$0.14,4oSRRJ4xF4qQmAksWXIHBftgTTTZY,DPhBMbW2KIjjJr8oGEN7J2ZGUIcZY,Square Terminal 2274,"",https://app.squareup.com/dashboard/sales/transactions/4oSRRJ4xF4qQmAksWXIHBftgTTTZY/by-unit/LEKA54X3W66F5,Payment,Sunrise Social Club LLC,"","","","",ea,1,"",Physical Good,"",Sunrise Social Club LLC,WIKDKPJ6J74CB44HCJ6NMKSX,Visa,8958
2026-06-06,09:05:43,Eastern Time (US & Canada),None,Lemon Dream ,1.0,Regular,"",16oz,$8.00,$0.00,$8.00,$0.62,gYOKeJ8n1pihDMSKOugJnj099RJZY,ZkODzBybsJlb3jc6OjyrzlrKp0HZY,Square Terminal 2274,Lemonade + Matcha + Lemon Cold Foam,https://app.squareup.com/dashboard/sales/transactions/gYOKeJ8n1pihDMSKOugJnj099RJZY/by-unit/LEKA54X3W66F5,Payment,Sunrise Social Club LLC,"","","","",ea,1,"",Physical Good,"",Sunrise Social Club LLC,F7TGBUDWI2AZIWKFC2VFRDE2,"",""
2026-06-06,09:04:41,Eastern Time (US & Canada),None,Cold Brew,1.0,Regular,"","Oat Milk, 16oz, Cinn Roll",$7.00,$0.00,$7.00,$0.54,kKILy3KgJPU7LyPIHHFPJwWBfoCZY,J4G2qZAxBAlowkbY67LtbZ4JY5SZY,Square Terminal 2274,"",https://app.squareup.com/dashboard/sales/transactions/kKILy3KgJPU7LyPIHHFPJwWBfoCZY/by-unit/LEKA54X3W66F5,Payment,Sunrise Social Club LLC,"","","","",ea,1,"",Physical Good,"",Sunrise Social Club LLC,AJEX3MBMC7CMJ6SCA7D4RJIK,"",""
2026-06-06,09:03:29,Eastern Time (US & Canada),None,Matcha Latte,1.0,"","","12oz, Oat Milk, Cold Foam, Blueberry",$8.00,$0.00,$8.00,$0.62,GDSO4mPyHAOgFdQV7P5q1nESlaTZY,fJJiOiEudJSrTIdY8EoDPYczQhSZY,Square Terminal 2274,"",https://app.squareup.com/dashboard/sales/transactions/GDSO4mPyHAOgFdQV7P5q1nESlaTZY/by-unit/LEKA54X3W66F5,Payment,Sunrise Social Club LLC,"",45ZPAVM1ATJ7H09TMV67ZY9TY8,"","",ea,1,"",Physical Good,"",Sunrise Social Club LLC,Y36H4C6V4YFFYACS3RIEFARY,Visa,3652
2026-06-06,09:03:29,Eastern Time (US & Canada),None,sticker,1.0,Regular,"","",$2.00,$0.00,$2.00,$0.14,GDSO4mPyHAOgFdQV7P5q1nESlaTZY,fJJiOiEudJSrTIdY8EoDPYczQhSZY,Square Terminal 2274,"",https://app.squareup.com/dashboard/sales/transactions/GDSO4mPyHAOgFdQV7P5q1nESlaTZY/by-unit/LEKA54X3W66F5,Payment,Sunrise Social Club LLC,"",45ZPAVM1ATJ7H09TMV67ZY9TY8,"","",ea,1,"",Physical Good,"",Sunrise Social Club LLC,WIKDKPJ6J74CB44HCJ6NMKSX,Visa,3652
2026-06-06,09:01:51,Eastern Time (US & Canada),None,Matcha Latte,1.0,"","","16oz, Lemonade, Cold Foam, Strawberry",$9.00,$0.00,$9.00,$0.70,0MbcvuJIiGX2oCN8vdupgW4VSUdZY,Joma0clt6LIAS7OCZIGFVMnOA3OZY,Square Terminal 2274,"",https://app.squareup.com/dashboard/sales/transactions/0MbcvuJIiGX2oCN8vdupgW4VSUdZY/by-unit/LEKA54X3W66F5,Payment,Sunrise Social Club LLC,"",70GSJY84XEVVYWQBG2T25BY1GC,"","",ea,1,"",Physical Good,"",Sunrise Social Club LLC,Y36H4C6V4YFFYACS3RIEFARY,Visa,7236
2026-06-06,09:01:51,Eastern Time (US & Canada),None,Maple Pancakes,1.0,Regular,"","16oz, Cold Brew",$8.00,$0.00,$8.00,$0.62,0MbcvuJIiGX2oCN8vdupgW4VSUdZY,Joma0clt6LIAS7OCZIGFVMnOA3OZY,Square Terminal 2274,"",https://app.squareup.com/dashboard/sales/transactions/0MbcvuJIiGX2oCN8vdupgW4VSUdZY/by-unit/LEKA54X3W66F5,Payment,Sunrise Social Club LLC,"",70GSJY84XEVVYWQBG2T25BY1GC,"","",ea,1,"",Physical Good,"",Sunrise Social Club LLC,A6QEGQUCHKAM4D5K7SBNVDQP,Visa,7236
